Entry ID,Source Organism,Accession Code(s)
1A02,Homo sapiens,"Q13469,P01100,P05412"
1A6A,Homo sapiens,"P01903,P01911,P04233"
1AKJ,Homo sapiens,"P04439,P61769,P01732"
1AQD,Homo sapiens,"P01903,P01911,P04439"
1BHX,Homo sapiens,"P00734,P00734,P00734"
1BKC,Homo sapiens,"P78536,P78536,P78536"
1BX2,Homo sapiens,"P01903,P01911,P02686"
1DE4,Homo sapiens,"Q30201,P61769,P02786"
1DX5,Homo sapiens,"P00734,P07204,P00734"
1EFX,Homo sapiens,"P10321,P61769,P43627"
1FAK,Homo sapiens,"P13726,P08709,P08709"
1FZA,Homo sapiens,"P02671,P02675,P02679"
1FZB,Homo sapiens,"P02671,P02675,P02679"
1FZC,Homo sapiens,"P02671,P02675,P02679"
1FZE,Homo sapiens,"P02671,P02675,P02679"
1GZH,Homo sapiens,"P04637,Q12888,P04637"
1H24,Homo sapiens,"P24941,Q01094,P20248"
1H25,Homo sapiens,"P24941,P20248,P06400"
1H26,Homo sapiens,"P24941,P20248,P04637"
1H27,Homo sapiens,"P24941,P20248,P46527"
1H28,Homo sapiens,"P24941,P20248,P28749"
1HQR,Homo sapiens,"P01903,Q30154,P02686"
1I3O,Homo sapiens,"P42574,P42574,P98170"
1I51,Homo sapiens,"P55210,P55210,P98170"
1ICF,Homo sapiens,"P07711,P07711,P04233"
1IM9,Homo sapiens,"P10321,P61769,P43626"
1J1D,Homo sapiens,"P63316,P45379,P19429"
1J1E,Homo sapiens,"P63316,P45379,P19429"
1J9C,Homo sapiens,"P13726,P08709,P08709"
1JFI,Homo sapiens,"Q14919,Q01658,P20226"
1JMO,Homo sapiens,"P00734,P00734,P05546"
1JSU,Homo sapiens,"P24941,P20248,P46527"
1K3B,Homo sapiens,"P53634,P53634,P53634"
1L1O,Homo sapiens,"P35244,P15927,P27694"
1LM8,Homo sapiens,"Q15370,Q15369,P40337"
1LQB,Homo sapiens,"Q15370,Q15369,P40337"
1LT9,Homo sapiens,"P02671,P02675,P02679"
1LTJ,Homo sapiens,"P02671,P02675,P02679"
1M63,Homo sapiens,"Q08209,P63098,P62937"
1MF8,Homo sapiens,"Q08209,P63098,P62937"
1N86,Homo sapiens,"P02671,P02675,P02679"
1N8E,Homo sapiens,"P02671,P02675,P02679"
1NFI,Homo sapiens,"Q04206,P19838,P25963"
1NP0,Homo sapiens,"P07686,P07686,P07686"
1NRN,Homo sapiens,"P00734,P00734,P25116"
1NRO,Homo sapiens,"P00734,P00734,P25116"
1NRP,Homo sapiens,"P00734,P00734,P25116"
1NRR,Homo sapiens,"P00734,P00734,P25116"
1NVV,Homo sapiens,"P01112,P01112,Q07889"
1O5D,Homo sapiens,"P08709,P08709,P13726"
1O9K,Homo sapiens,"P06400,P06400,Q01094"
1OF2,Homo sapiens,"P01889,P61769,P32241"
1OGT,Homo sapiens,"P01889,P61769,P32241"
1OOK,Homo sapiens,"P00734,P00734,P07359"
1P22,Homo sapiens,"Q9Y297,P63208,P35222"
1P7Q,Homo sapiens,"P04439,P61769,Q8NHL6"
1P8V,Homo sapiens,"P07359,P00734,P00734"
1P9M,Homo sapiens,"P40189,P05231,P08887"
1PK6,Homo sapiens,"P02745,P02746,P02747"
1QEW,Homo sapiens,"P04439,P61769,P43357"
1QRN,Homo sapiens,"P04439,P61769,P01848"
1QSF,Homo sapiens,"P04439,P61769,P01848"
1R4M,Homo sapiens,"Q13564,Q8TBC4,Q15843"
1R4N,Homo sapiens,"Q13564,Q8TBC4,Q15843"
1RE3,Homo sapiens,"P02671,P02675,P02679"
1RE4,Homo sapiens,"P02671,P02675,P02679"
1RF0,Homo sapiens,"P02671,P02675,P02679"
1RF1,Homo sapiens,"P02671,P02675,P02679"
1RIW,Homo sapiens,"P00734,P00734,P00734"
1S9K,Homo sapiens,"Q13469,P01100,P05412"
1SR5,Homo sapiens,"P01008,P00734,P00734"
1T08,Homo sapiens,"P35222,Q9NSA3,P25054"
1T2K,Homo sapiens,"Q14653,P05412,P15336"
1T9G,Homo sapiens,"P38117,P11310,P13804"
1TB6,Homo sapiens,"P00734,P00734,P01008"
1TT5,Homo sapiens,"Q13564,Q8TBC4,P61081"
1U6G,Homo sapiens,"Q13616,P62877,Q86VP6"
1UVQ,Homo sapiens,"E9PMV2,P01920,O43612"
1VCB,Homo sapiens,"Q15370,Q15369,P40337"
1W0V,Homo sapiens,"P01889,P61769,P47974"
1W0W,Homo sapiens,"P01889,P61769,P47974"
1W0Y,Homo sapiens,"P08709,P08709,P13726"
1W2K,Homo sapiens,"P08709,P08709,P13726"
1W72,Homo sapiens,"P04439,P61769,P43355"
1WAA,Homo sapiens,"Q8WZ42,Q8WZ42,Q8WZ42"
1WQV,Homo sapiens,"P08709,P08709,P13726"
1WSS,Homo sapiens,"P08709,P08709,P13726"
1WTG,Homo sapiens,"P08709,P08709,P13726"
1WUN,Homo sapiens,"P08709,P08709,P13726"
1WV7,Homo sapiens,"P08709,P08709,P13726"
1XD2,Homo sapiens,"P01112,P01112,Q07889"
1XV9,Homo sapiens,"P19793,Q14994,Q15788"
1XVP,Homo sapiens,"P19793,Q14994,Q15788"
1XWD,Homo sapiens,"P01225,P23945,P01215"
1Y8R,Homo sapiens,"Q9UBE0,Q9UBT2,P63165"
1Z6J,Homo sapiens,"P08709,P08709,P13726"
2A1T,Homo sapiens,"P11310,P38117,P13804"
2A2Q,Homo sapiens,"P08709,P08709,P13726"
2A74,Homo sapiens,"P01024,P01024,P01024"
2AEI,Homo sapiens,"P08709,P08709,P13726"
2AER,Homo sapiens,"P08709,P08709,P13726"
2ASS,Homo sapiens,"P63208,Q13309,P61024"
2AST,Homo sapiens,"P63208,Q13309,P61024"
2AZE,Homo sapiens,"Q14186,Q01094,P06400"
2B5T,Homo sapiens,"P00734,P00734,P01008"
2B7D,Homo sapiens,"P08709,P08709,P13726"
2B8O,Homo sapiens,"P08709,P08709,P13726"
2C9W,Homo sapiens,"O14508,Q15370,Q15369"
2CCH,Homo sapiens,"P24941,P20248,Q99741"
2CCI,Homo sapiens,"P24941,P20248,Q99741"
2CIK,Homo sapiens,"P33260,O19626,P61769"
2CLR,Homo sapiens,"P04439,P61769,P27797"
2CO0,Homo sapiens,"P61964,P68431,P61964"
2D31,Homo sapiens,"P17693,P61769,P16104"
2DJF,Homo sapiens,"P53634,P53634,P53634"
2DJG,Homo sapiens,"P53634,P53634,P53634"
2DSQ,Homo sapiens,"P22692,Q9NP10,P08833"
2DSR,Homo sapiens,"P05019,P22692,P22692"
2DYP,Homo sapiens,"P17693,P61769,Q8N423"
2F53,Homo sapiens,"P04439,P61769,P01848"
2F8X,Homo sapiens,"Q06330,P46531,Q92585"
2F9B,Homo sapiens,"P08709,P08709,P13726"
2FFD,Homo sapiens,"P02671,P02675,P02679"
2FIR,Homo sapiens,"P08709,P08709,P13726"
2FLB,Homo sapiens,"P13726,P08709,P08709"
2FLR,Homo sapiens,"P08709,P08709,P13726"
2GD4,Homo sapiens,"P00742,P00742,P01008"
2GL7,Homo sapiens,"P35222,Q9NQB0,O00512"
2H43,Homo sapiens,"P02671,P02675,P02679"
2H62,Homo sapiens,"P12643,P36894,Q13705"
2HLO,Homo sapiens,"P02671,P02675,P02679"
2HOD,Homo sapiens,"P02671,P02675,P02679"
2HPC,Homo sapiens,"P02671,P02675,P02679"
2HPQ,Homo sapiens,"P00734,P00734,P00734"
2HYE,Homo sapiens,"Q16531,Q13619,P62877"
2ICF,Homo sapiens,"P01024,P01024,Q9Y279"
2IO2,Homo sapiens,"Q9HC62,P63165,P46060"
2IO3,Homo sapiens,"Q9HC62,P61956,P46060"
2IY0,Homo sapiens,"Q9P0U3,P63165,P46060"
2IZV,Homo sapiens,"Q8WXH5,Q15370,Q15369"
2J0U,Homo sapiens,"P38919,P38919,O15234"
2J8U,Homo sapiens,"P04439,P61769,Q9NPA0"
2JCC,Homo sapiens,"P04439,P61769,Q9NPA0"
2JG8,Homo sapiens,"P02745,P02746,P02747"
2JG9,Homo sapiens,"P02745,P02746,P02747"
2JIX,Homo sapiens,"Q7Z3Y4,P19235,Q6GMX6"
2KI4,Homo sapiens,"P05230,Q99584,Q99584"
2LXP,Homo sapiens,"P60604,Q9UKV5,Q9UKV5"
2LXT,Homo sapiens,"Q92793,Q03164,P16220"
2MSE,Homo sapiens,"P02647,A0A024RAV5,P10398"
2MTP,Homo sapiens,"P21333,P08514,P05106"
2N13,Homo sapiens,"Q9UM54,P0CG47,P0CG47"
2N1T,Homo sapiens,"P60880,P60880,P21579"
2NPP,Homo sapiens,"P30153,Q13362,P67775"
2NUP,Homo sapiens,"Q15436,O95486,O75396"
2NUT,Homo sapiens,"Q15436,O95486,O75396"
2NXY,Homo sapiens,"P01730,Q6P5S8,Q6N095"
2NY1,Homo sapiens,"P01730,Q6P5S8,Q6N030"
2NY3,Homo sapiens,"P01730,Q6N030,Q6P5S8"
2NY6,Homo sapiens,"P01730,Q6P5S8,Q6N030"
2NYL,Homo sapiens,"P30153,Q13362,P67775"
2NYM,Homo sapiens,"P30153,Q13362,P67775"
2O6V,Homo sapiens,"P0CG48,P0CG48,P0CG48"
2OYH,Homo sapiens,"P02671,P02675,P02679"
2OYI,Homo sapiens,"P02671,P02675,P02679"
2P5E,Homo sapiens,"P04439,P61769,P01848"
2P5W,Homo sapiens,"P04439,P61769,P01848"
2PJY,Homo sapiens,"P10600,P36897,P37173"
2PKS,Homo sapiens,"P00734,P00734,P00734"
2PO6,Homo sapiens,"P15813,P61769,P01848"
2PUQ,Homo sapiens,"P08709,P08709,P13726"
2PYE,Homo sapiens,"P04439,P61769,P01848"
2Q6W,Homo sapiens,"P01903,P79483,P05106"
2Q9I,Homo sapiens,"P02671,P02675,P02679"
2QAG,Homo sapiens,"Q15019,Q14141,Q16181"
2QFA,Homo sapiens,"O15392,Q53HL2,Q9NQS7"
2QKI,Homo sapiens,"P01024,P01024,P01024"
2SEB,Homo sapiens,"P01903,P01911,P02458"
2UWE,Homo sapiens,"P04439,P61769,Q9NPA0"
2UXN,Homo sapiens,"O60341,Q9UKL0,P68431"
2V1D,Homo sapiens,"O60341,Q9UKL0,Q16695"
2VDO,Homo sapiens,"P08514,P05106,P02679"
2VDP,Homo sapiens,"P08514,P05106,P02679"
2VDQ,Homo sapiens,"P08514,P05106,P02679"
2VDR,Homo sapiens,"P02679,P08514,P05106"
2VPG,Homo sapiens,"Q9Y3Y4,O00512,P68431"
2W2M,Homo sapiens,"Q8NBP7,P01130,Q8NBP7"
2W2N,Homo sapiens,"Q8NBP7,P01130,Q8NBP7"
2W2O,Homo sapiens,"Q8NBP7,P01130,Q8NBP7"
2W2P,Homo sapiens,"P01130,Q8NBP7,Q8NBP7"
2W2Q,Homo sapiens,"P01130,Q8NBP7,Q8NBP7"
2W2X,Homo sapiens,"P15153,P16885,P16885"
2W72,Homo sapiens,"P69905,P68871,P69905"
2W97,Homo sapiens,"P06730,P06730,Q04637"
2WBY,Homo sapiens,"P14735,P01308,P01308"
2WC0,Homo sapiens,"P14735,P01308,P01308"
2WII,Homo sapiens,"P01024,P01024,P08603"
2WIN,Homo sapiens,"P01024,P01024,P00751"
2WNU,Homo sapiens,"P02745,P02746,P02747"
2WNV,Homo sapiens,"P02745,P02746,P02747"
2WS6,Homo sapiens,"P01308,P01308,P01308"
2WTK,Homo sapiens,"Q9Y376,Q7RTN6,Q15831"
2X0L,Homo sapiens,"O60341,Q9UKL0,P68431"
2XNX,Homo sapiens,"P02671,P02675,P02679"
2XNY,Homo sapiens,"P02671,P02675,P02679"
2XPG,Homo sapiens,"P04439,P61769,P60201"
2XQN,Homo sapiens,"Q9Y615,Q8N8S7,Q9UGI8"
2XWJ,Homo sapiens,"P01024,P01024,P00751"
2Y48,Homo sapiens,"O60341,Q9UKL0,O95863"
2Z4E,Homo sapiens,"P02671,P02675,P02679"
2ZME,Homo sapiens,"Q96H20,Q86VN1,Q9BRG1"
2ZP0,Homo sapiens,"P08709,P08709,P13726"
2ZWL,Homo sapiens,"P08709,P08709,P13726"
2ZZU,Homo sapiens,"P08709,P08709,P13726"
3A1J,Homo sapiens,"Q99638,O60921,O60671"
3B3I,Homo sapiens,"P01889,P61769,P32241"
3B9F,Homo sapiens,"P00734,P00734,Q9N2I2"
3BEF,Homo sapiens,"P00734,P00734,P25116"
3BP4,Homo sapiens,"P61769,P10619,P01889"
3BP7,Homo sapiens,"P01889,P61769,P10619"
3BPL,Homo sapiens,"P05112,P24394,P31785"
3BPN,Homo sapiens,"P05112,P24394,P78552"
3BPO,Homo sapiens,"P35225,P24394,P78552"
3BPS,Homo sapiens,"Q8NBP7,Q8NBP7,P01130"
3BT1,Homo sapiens,"P00749,P04004,Q03405"
3BT2,Homo sapiens,"P00749,P04004,Q03405"
3BVH,Homo sapiens,"P02671,P02675,P02679"
3C5J,Homo sapiens,"P01903,B8YAC7,Q05639"
3C5W,Homo sapiens,"P30153,P67775,Q9Y570"
3CHN,Homo sapiens,"P01876,P01833,P01833"
3CUQ,Homo sapiens,"Q96H20,Q86VN1,Q9BRG1"
3D2U,Homo sapiens,"P61769,Q8NHL6,P60709"
3D3V,Homo sapiens,"P04439,P61769,P01850"
3D85,Homo sapiens,"P01857,Q9NPF7,P29460"
3DBH,Homo sapiens,"Q13564,Q8TBC4,Q15843"
3DBL,Homo sapiens,"Q13564,Q8TBC4,Q15843"
3DBR,Homo sapiens,"Q13564,Q8TBC4,Q15843"
3DQV,Homo sapiens,"Q15843,Q93034,P62877"
3DVG,Homo sapiens,"Q6PIL8,P0CG48,P0CG48"
3DVN,Homo sapiens,"Q6PIL8,P0CG48,P0CG48"
3DW8,Homo sapiens,"P30153,P63151,P67775"
3DXA,Homo sapiens,"P01889,P61769,P01848"
3E1I,Homo sapiens,"P02671,P02675,P02679"
3EGD,Homo sapiens,"Q15436,O95486,O75396"
3EGX,Homo sapiens,"Q15436,O95486,O75396"
3ELA,Homo sapiens,"P08709,P08709,P13726"
3EXH,Homo sapiens,"P08559,P11177,P08559"
3FEX,Homo sapiens,"Q09161,P52298,P52292"
3FEY,Homo sapiens,"Q09161,P52298,P52292"
3FFC,Homo sapiens,"P01889,P61769,P01850"
3FGA,Homo sapiens,"Q13362,P67775,Q5FBB7"
3G65,Homo sapiens,"Q99638,O60671,O60921"
3GCW,Homo sapiens,"Q8NBP7,Q8NBP7,P01130"
3GCX,Homo sapiens,"Q8NBP7,Q8NBP7,P01130"
3GGR,Homo sapiens,"Q99638,O60921,O60671"
3GHG,Homo sapiens,"P02671,P02675,P02679"
3GIS,Homo sapiens,"P00734,P00734,P07204"
3GSN,Homo sapiens,"P04439,P61769,P01848"
3GZN,Homo sapiens,"Q13564,Q8TBC4,Q15843"
3H0A,Homo sapiens,"P19793,P37231,Q15788"
3H32,Homo sapiens,"P02671,P02675,P02679"
3HKJ,Homo sapiens,"P00734,P00734,P25116"
3HPJ,Homo sapiens,"P04439,P61769,P19544"
3HUS,Homo sapiens,"P02671,P02675,P02679"
3J9F,Homo sapiens,"P15151,P15151,P15151"
3JVZ,Homo sapiens,"P62837,Q96PU5,P0CG48"
3JW0,Homo sapiens,"P62837,Q96PU5,P0CG48"
3KCG,Homo sapiens,"P00740,P00740,P01008"
3KFD,Homo sapiens,"P01137,P37173,P36897"
3KLA,Homo sapiens,"P04439,P61769,P78358"
3KYC,Homo sapiens,"Q9UBT2,P63165,Q9UBE0"
3KYD,Homo sapiens,"Q9UBE0,Q9UBT2,P63165"
3L3O,Homo sapiens,"P01024,P01024,P01024"
3L6F,Homo sapiens,"P01903,P01911,Q16655"
3LL8,Homo sapiens,"P24588,Q08209,P63098"
3LN4,Homo sapiens,"P01889,P61769,P07910"
3LN5,Homo sapiens,"P01889,P61769,Q13126"
3LU9,Homo sapiens,"P00734,P00734,P25116"
3LV3,Homo sapiens,"P01889,P61769,Q01668"
3M0C,Homo sapiens,"Q8NBP7,Q8NBP7,P01130"
3M0D,Homo sapiens,"Q12933,Q13077,Q13489"
3MOP,Homo sapiens,"Q99836,Q9NWZ3,O43187"
3MRK,Homo sapiens,"P04439,P61769,P02771"
3MRO,Homo sapiens,"P04439,P61769,Q16655"
3MRP,Homo sapiens,"P04439,P61769,Q16655"
3MRQ,Homo sapiens,"P04439,P61769,Q16655"
3MRR,Homo sapiens,"P04439,P61769,Q92959"
3MYJ,Homo sapiens,"P04439,P61769,P19544"
3NBN,Homo sapiens,"Q92585,Q06330,P46531"
3NMS,Homo sapiens,"P01024,P01024,P01024"
3O4O,Homo sapiens,"P01584,P27930,Q9NPH3"
3OHX,Homo sapiens,"P01024,P01024,P01024"
3OJ4,Homo sapiens,"P51668,P0CG48,P21580"
3OJY,Homo sapiens,"P07357,P07358,P07360"
3P4F,Homo sapiens,"P61964,Q15291,Q03164"
3P56,Homo sapiens,"O75792,Q5TBB1,Q8TDP1"
3P5B,Homo sapiens,"P01130,Q8NBP7,Q8NBP7"
3P5C,Homo sapiens,"Q8NBP7,Q8NBP7,P01130"
3P6Z,Homo sapiens,"P00734,P00734,P12259"
3P70,Homo sapiens,"P00734,P00734,P12259"
3PDO,Homo sapiens,"P01903,P01911,P04233"
3PGC,Homo sapiens,"P01903,P01911,P04233"
3PGD,Homo sapiens,"P01903,P01911,P04233"
3PMH,Homo sapiens,"P00734,P00734,P07359"
3PO1,Homo sapiens,"P00734,P00734,P00734"
3PUF,Homo sapiens,"O75792,Q5TBB1,Q8TDP1"
3PWP,Homo sapiens,"P04439,P61769,P01848"
3Q95,Homo sapiens,"P03372,P03372,Q15596"
3QAZ,Homo sapiens,"P60568,P14784,P31785"
3QDG,Homo sapiens,"P04439,P61769,P01848"
3QDJ,Homo sapiens,"P04439,P61769,P01848"
3QDM,Homo sapiens,"P04439,P61769,P01848"
3QDZ,Homo sapiens,"P00734,P00734,Q96RI0"
3QEQ,Homo sapiens,"P04439,P61769,P01848"
3QXA,Homo sapiens,"P01903,P01911,P04233"
3QXD,Homo sapiens,"P01903,P01911,P04233"
3QZW,Homo sapiens,"P04439,P61769,P01732"
3R45,Homo sapiens,"P49450,P62805,Q8NCD3"
3RK2,Homo sapiens,"P63027,P60880,P60880"
3RPG,Homo sapiens,"P61077,P35226,Q99496"
3S4S,Homo sapiens,"P01903,P01911,P01730"
3SDX,Homo sapiens,"P15813,P61769,P01848"
3SE3,Homo sapiens,"P17181,P01563,P48551"
3SE4,Homo sapiens,"P17181,P05000,P48551"
3SJV,Homo sapiens,"P01889,P61769,P01848"
3T4A,Homo sapiens,"P01024,P01024,P01024"
3TDU,Homo sapiens,"Q96GG9,Q13616,P61081"
3TDZ,Homo sapiens,"Q96GG9,Q13616,P61081"
3TH2,Homo sapiens,"P08709,P08709,P13726"
3TH3,Homo sapiens,"P08709,P08709,P13726"
3TH4,Homo sapiens,"P08709,P08709,P13726"
3TKS,Homo sapiens,"Q13162,Q13162,Q13162"
3TQ7,Homo sapiens,"Q15691,Q9UPY8,Q14203"
3U88,Homo sapiens,"O00255,Q03164,O75475"
3UTQ,Homo sapiens,"P04439,P61769,P01308"
3UTS,Homo sapiens,"P04439,P61769,P01308"
3UTT,Homo sapiens,"P04439,P61769,P01308"
3UU7,Homo sapiens,"P03372,P03372,Q15788"
3UUA,Homo sapiens,"P03372,P03372,Q15788"
3UUD,Homo sapiens,"P03372,P03372,Q15788"
3UW9,Homo sapiens,"O60885,P62805,P62805"
3V5D,Homo sapiens,"P04439,P61769,E0YFW1"
3V5H,Homo sapiens,"P04439,P61769,E0YFW1"
3V5K,Homo sapiens,"P04439,P61769,E0YFW1"
3VON,Homo sapiens,"Q96FW1,Q15819,P61088"
3VU7,Homo sapiens,"Q9UBZ9,Q9UI95,O60673"
3WN5,Homo sapiens,"P01857,P01857,P08637"
3WO4,Homo sapiens,"Q14116,Q13478,O95256"
3X11,Homo sapiens,"P01889,P61769,P01834"
3X12,Homo sapiens,"P01889,P61769,P01834"
3X1U,Homo sapiens,"P68431,P62805,P33778"
3X1V,Homo sapiens,"P68431,P62805,P04908"
3ZJY,Homo sapiens,"P62826,O94829,P47813"
3ZKJ,Homo sapiens,"Q96DX5,Q15369,Q15370"
3ZMS,Homo sapiens,"O60341,Q9UKL0,Q01101"
3ZNG,Homo sapiens,"Q96DX5,Q15369,Q15370"
3ZRC,Homo sapiens,"Q15370,Q15369,P40337"
3ZRF,Homo sapiens,"Q15370,Q15369,P40337"
3ZTC,Homo sapiens,"Q15370,Q15369,P40337"
3ZTD,Homo sapiens,"Q15370,Q15369,P40337"
3ZUN,Homo sapiens,"Q15370,Q15369,P40337"
3ZYS,Homo sapiens,"Q05193,P20591,Q05193"
4A4B,Homo sapiens,"P22681,P62837,P43403"
4A4C,Homo sapiens,"P22681,P43403,P62837"
4AEN,Homo sapiens,"P01903,P01911,P04233"
4AJ5,Homo sapiens,"Q8IX90,Q96BD8,Q8WVK7"
4AUQ,Homo sapiens,"P62837,P0CG48,Q96CA5"
4AWJ,Homo sapiens,"Q15370,Q15369,P40337"
4AWL,Homo sapiens,"P23511,P25208,Q13952"
4AY9,Homo sapiens,"P01215,P01225,P23945"
4B95,Homo sapiens,"Q15370,Q15369,P40337"
4BCM,Homo sapiens,"P24941,P20248,P20248"
4BCN,Homo sapiens,"P24941,P20248,P20248"
4BKT,Homo sapiens,"Q15370,Q15369,P40337"
4BOS,Homo sapiens,"Q5VVQ6,P0CG48,P0CG48"
4BWS,Homo sapiens,"P83876,O60828,O95400"
4C0D,Homo sapiens,"A5YKK6,Q9NZN8,O75175"
4CAY,Homo sapiens,"P0C0S5,P06899,Q9BTT0"
4CDC,Homo sapiens,"P53634,P53634,P53634"
4CDD,Homo sapiens,"P53634,P53634,P53634"
4CDE,Homo sapiens,"P53634,P53634,P53634"
4CDF,Homo sapiens,"P53634,P53634,P53634"
4CFE,Homo sapiens,"P54646,Q9Y478,P54619"
4CFF,Homo sapiens,"P54646,Q9Y478,P54619"
4CFU,Homo sapiens,"P24941,P20248,P20248"
4CH2,Homo sapiens,"P00734,P00734,P07359"
4CH8,Homo sapiens,"P00734,P00734,P07359"
4CQM,Homo sapiens,"Q92506,Q8N4T8,Q92506"
4CY2,Homo sapiens,"P61964,Q9H9L4,Q7Z3B3"
4D0M,Homo sapiens,"Q9UBF8,P62491,O75154"
4D11,Homo sapiens,"Q10471,Q10471,Q6FI18"
4D9R,Homo sapiens,"P00746,P01834,P01857"
4DAY,Homo sapiens,"Q9H9A7,Q96E14,Q8IYD8"
4DCK,Homo sapiens,"Q14524,P0DP23,Q92913"
4DEP,Homo sapiens,"P01584,P14778,Q9NPH3"
4DHJ,Homo sapiens,"P0CG48,P0CG48,P61088"
4DHZ,Homo sapiens,"P0CG48,P0CG48,P61088"
4DOH,Homo sapiens,"Q9NYY1,Q6UXL0,Q9UHF4"
4DQY,Homo sapiens,"P09874,P09874,P09874"
4DRB,Homo sapiens,"Q8N2Z9,Q8IYD8,A8MT69"
4DT7,Homo sapiens,"P00734,P00734,P04070"
4DY7,Homo sapiens,"P00734,P00734,P07093"
4E+041,Homo sapiens,"P01903,P01911,P60174"
4E+045,Homo sapiens,"Q8N2Z9,A8MT69,Q8IYD8"
4EJX,Homo sapiens,"P05164,P05164,P00450"
4EUP,Homo sapiens,"P04439,P61769,Q16655"
4EXT,Homo sapiens,"Q9UBZ9,O60673,Q9UI95"
4F52,Homo sapiens,"Q13616,P62877,Q92990"
4FAO,Homo sapiens,"Q9UK05,P37023,Q13705"
4FTG,Homo sapiens,"P60903,P07355,Q09666"
4FZD,Homo sapiens,"Q9Y376,Q9P289,Q9P289"
4GDK,Homo sapiens,"O94817,Q9H1Y0,Q676U5"
4GDL,Homo sapiens,"O94817,Q9H1Y0,Q676U5"
4GK0,Homo sapiens,"Q9UI95,O60673,Q9UBZ9"
4GQB,Homo sapiens,"O14744,Q9BQA1,P62805"
4GUR,Homo sapiens,"Q8NB78,Q49A26,P84243"
4GUS,Homo sapiens,"Q8NB78,Q49A26,P84243"
4H9N,Homo sapiens,"P84243,P62805,Q9UER7"
4H9O,Homo sapiens,"P84243,P62805,Q9UER7"
4H9P,Homo sapiens,"P84243,P62805,Q9UER7"
4H9Q,Homo sapiens,"P84243,P62805,Q9UER7"
4H9R,Homo sapiens,"P84243,P62805,Q9UER7"
4H9S,Homo sapiens,"P84243,P62805,Q9UER7"
4HDQ,Homo sapiens,"O00522,P61224,Q9ULI3"
4HGA,Homo sapiens,"Q9UER7,P84243,P62805"
4HMY,Homo sapiens,"Q10567,Q96PC3,P84077"
4HX1,Homo sapiens,"P04439,P61769,P40126"
4IBL,Homo sapiens,"P08709,P08709,P13726"
4IMY,Homo sapiens,"P50750,O60563,Q9UHB7"
4IS6,Homo sapiens,"P01903,P40967,P01911"
4JPZ,Homo sapiens,"Q92913,Q99250,P0DP23"
4JQ0,Homo sapiens,"Q14524,P61328,P0DP23"
4K24,Homo sapiens,"P00749,P04004,Q03405"
4K71,Homo sapiens,"P02768,P55899,P61769"
4KNG,Homo sapiens,"O75473,Q2MKA7,Q68DV7"
4L3E,Homo sapiens,"P04439,P61769,Q16655"
4L4T,Homo sapiens,"Q95460,P61769,P01850"
4LAC,Homo sapiens,"Q15257,P30153,P67775"
4LDT,Homo sapiens,"P0CG48,P62837,P0CG48"
4MCY,Homo sapiens,"P01903,P01911,P08670"
4MCZ,Homo sapiens,"P01903,P01911,P08670"
4MD0,Homo sapiens,"P01903,P01911,P08670"
4MD4,Homo sapiens,"P01903,P01911,P16112"
4MD5,Homo sapiens,"P01903,P01911,P08670"
4MDI,Homo sapiens,"P01903,P01911,P08670"
4MDJ,Homo sapiens,"P01903,P01911,P08670"
4MG7,Homo sapiens,"P03372,Q15788,P03372"
4MG8,Homo sapiens,"P03372,P03372,Q15788"
4MG9,Homo sapiens,"P03372,P03372,Q15788"
4MGA,Homo sapiens,"P03372,P03372,Q15788"
4MGB,Homo sapiens,"P03372,P03372,Q15788"
4MGD,Homo sapiens,"P03372,P03372,Q15788"
4MMX,Homo sapiens,"P06756,P02751,P05106"
4MMY,Homo sapiens,"P06756,P05106,P02751"
4MMZ,Homo sapiens,"P05106,P02751,P06756"
4MQW,Homo sapiens,"P01215,P01225,P23945"
4MXW,Homo sapiens,"P36941,P01374,Q06643"
4N0F,Homo sapiens,"P55899,P61769,P02768"
4N8V,Homo sapiens,"P43631,P04439,P61769"
4NE9,Homo sapiens,"Q8NBP7,Q8NBP7,P01130"
4NGE,Homo sapiens,"Q5JRX3,P05067,Q5JRX3"
4NKQ,Homo sapiens,"P32927,P04141,P15509"
4NM5,Homo sapiens,"P49841,O15169,O75581"
4NM7,Homo sapiens,"P49841,O15169,O75581"
4NNX,Homo sapiens,"P04439,P61769,Q9BZL6"
4NNY,Homo sapiens,"P04439,P61769,Q9BZL6"
4NO2,Homo sapiens,"P04439,P61769,P33241"
4NO3,Homo sapiens,"P04439,P61769,Q01433"
4NO5,Homo sapiens,"P04439,P61769,Q01433"
4NQA,Homo sapiens,"P19793,P55055,Q15596"
4NYI,Homo sapiens,"P01112,P01112,Q07889"
4NYJ,Homo sapiens,"P01112,P01112,Q07889"
4NYM,Homo sapiens,"P01112,P01112,Q07889"
4O2C,Homo sapiens,"P01889,P61769,O00571"
4O2E,Homo sapiens,"P01889,P61769,O00571"
4O2F,Homo sapiens,"P01889,P61769,O00571"
4OGR,Homo sapiens,"P50750,O60563,Q9UHB7"
4OGX,Homo sapiens,"P03952,S6C4R2,Q7Z3Y4"
4OGY,Homo sapiens,"P03952,S6C4R2,Q7Z3Y4"
4OQT,Homo sapiens,"Q96FE5,Q6PIL8,S6B291"
4OR5,Homo sapiens,"P50750,O60563,Q9UHB7"
4ORH,Homo sapiens,"P61088,Q15819,O76064"
4OV5,Homo sapiens,"P01903,P04439,P01911"
4OV6,Homo sapiens,"Q8NBP7,A0A075B5G3,Q8NBP7"
4OWT,Homo sapiens,"Q68E01,Q9BQ15,Q9NRY2"
4OWW,Homo sapiens,"Q68E01,Q9BQ15,Q9NRY2"
4P4H,Homo sapiens,"P62987,O95786,Q7Z434"
4P6Z,Homo sapiens,"P61966,Q10567,Q10589"
4Q9U,Homo sapiens,"Q9UJ41,P20339,Q15276"
4QOK,Homo sapiens,"P04439,P61769,Q16655"
4R2G,Homo sapiens,"P01730,P0DOY3,P0DOX5"
4R3Z,Homo sapiens,"Q12904,P54136,P47897"
4R8P,Homo sapiens,"P35226,Q99496, P61077"
4RER,Homo sapiens,"Q13131,O43741,P54619"
4REW,Homo sapiens,"Q13131,O43741,P54619"
4S3O,Homo sapiens,"P61077,Q99496,Q86SE9"
4TUZ,Homo sapiens,"P03372,P03372,Q15788"
4TV1,Homo sapiens,"P03372,P03372,Q15788"
4TXR,Homo sapiens,"Q7LBR1,Q9NP79,Q9NZZ3"
4U7T,Homo sapiens,"Q9Y6K1,Q9UJW3,P84243"
4UEL,Homo sapiens,"Q9Y5K5,P0CG47,Q16186"
4UF6,Homo sapiens,"Q6P4R8,Q9Y5K5,P0CG47"
4UFS,Homo sapiens,"O75473,Q8BFU0,Q9ULT6"
4UIS,Homo sapiens,"Q92542,D9IEF7,P49768"
4UJ3,Homo sapiens,"P62491,Q96QF0,O75154"
4UJ4,Homo sapiens,"P62491,Q96QF0,O75154"
4V3K,Homo sapiens,"P62837,Q9H0F5,P0CG48"
4V3L,Homo sapiens,"P62837,P0CG48,Q9H0F5"
4W9C,Homo sapiens,"Q15369,Q15370,P40337"
4W9D,Homo sapiens,"Q15370,Q15369,P40337"
4W9E,Homo sapiens,"Q15370,Q15369,P40337"
4W9F,Homo sapiens,"Q15370,Q15369,P40337"
4W9G,Homo sapiens,"Q15370,Q15369,P40337"
4W9I,Homo sapiens,"Q15370,Q15369,P40337"
4W9J,Homo sapiens,"Q15369,P40337,Q15370"
4W9K,Homo sapiens,"Q15369,Q15370,P40337"
4W9L,Homo sapiens,"Q15369,Q15370,P40337"
4WB6,Homo sapiens,"P17612,P17612,P61925"
4WHV,Homo sapiens,"P61088,O76064,P0CG47"
4WJ5,Homo sapiens,"P04439,P61769,Q16655"
4WJG,Homo sapiens,"P69905,P68871,P00738"
4WUU,Homo sapiens,"P04439,P61769,P19544"
4X0L,Homo sapiens,"P69905,P68871,P00738"
4X5W,Homo sapiens,"P01903,P01911,P04233"
4XSS,Homo sapiens,"P05019,P06213,P08069"
4XXD,Homo sapiens,"P01834,P05067,P01857"
4Y19,Homo sapiens,"P01903,P01911,P01308"
4Y1A,Homo sapiens,"P01903,P01911,P01308"
4Y72,Homo sapiens,"P06493,P14635,P33552"
4Y99,Homo sapiens,"P63316,P45379,P19429"
4YC3,Homo sapiens,"P06493,P14635,P33552"
4YLQ,Homo sapiens,"P08709,P08709,P13726"
4Z2M,Homo sapiens,"Q9Y5B9,P68431,P62805"
4Z6A,Homo sapiens,"P08709,P08709,P13726"
4ZHX,Homo sapiens,"P54646,Q9Y478,P54619"
4ZMA,Homo sapiens,"P08709,P08709,P13726"
4ZO1,Homo sapiens,"P10828,Q15596,P19793"
5ANR,Homo sapiens,"A5YKK6,P26196,Q9NRA8"
5BNV,Homo sapiens,"P84243,P62805,P49736"
5BO4,Homo sapiens,"O14508,Q15370,Q15369"
5BQ8,Homo sapiens,"Q00604,Q00604,Q00604"
5BQE,Homo sapiens,"Q00604,Q00604,Q9ULV1"
5C0D,Homo sapiens,"P04439,P61769,P01308"
5C7K,Homo sapiens,"S6B291,P01857,P01834"
5CBA,Homo sapiens,"A0A0B4J2H0,P01704,O43927"
5CBE,Homo sapiens,"A0A0B4J2H0,P01704,O43927"
5CVN,Homo sapiens,"Q8TAF3,P62068,P0CG47"
5CVO,Homo sapiens,"Q8TAF3,P0CG47,P62068"
5D0K,Homo sapiens,"P62837,Q6ZSG1,P0CG47"
5D0M,Homo sapiens,"P62837,Q6ZSG1,P0CG47"
5DEF,Homo sapiens,"P01889,P61769,P32241"
5DEG,Homo sapiens,"P01889,P61769,P32241"
5DIS,Homo sapiens,"O14980,P62826,O95149"
5DX3,Homo sapiens,"P03372,P03372,Q15596"
5DXB,Homo sapiens,"P03372,P03372,Q15596"
5,Homo sapiens,"P04439,P61769,Q76R61"
5E4E,Homo sapiens,"P35225,P24394,P78552"
5E6I,Homo sapiens,"K7N5M3,P04439,P61769"
5EDV,Homo sapiens,"Q96EP0,P62837,P0CG47"
5EU3,Homo sapiens,"P04439,P61769,P40967"
5EWZ,Homo sapiens,"P63104,Q9UQC2,Q9UQC2"
5EYA,Homo sapiens,"P61088,Q14258,P0CG47"
5F0J,Homo sapiens,"Q96QK1,O75436,O60493"
5F6L,Homo sapiens,"Q15291,Q9UBL3,Q03164"
5FA5,Homo sapiens,"Q9BQA1,P62805,O14744"
5FFO,Homo sapiens,"P06756,P18564,P01137"
5FO8,Homo sapiens,"P01024,P01024,P15529"
5FO9,Homo sapiens,"P01024,P01024,P17927"
5FOA,Homo sapiens,"P01024,P01024,P08174"
5FQD,Homo sapiens,"Q16531,Q96SW2,P48729"
5FU6,Homo sapiens,"A5YKK6,Q9NZN8,O75175"
5FU7,Homo sapiens,"A5YKK6,Q9NZN8,O75175"
5FUG,Homo sapiens,"P0C0S5,P06899,Q15906"
5FWK,Homo sapiens,"P08238,Q16543,P11802"
5FWL,Homo sapiens,"P08238,Q16543,P11802"
5FWM,Homo sapiens,"P08238,Q16543,P11802"
5FWP,Homo sapiens,"P08238,Q16543,P11802"
5FWW,Homo sapiens,"O75581,Q96MU8,O94907"
5GJE,Homo sapiens,"O75581,O75581,O94907"
5H43,Homo sapiens,"P52292,Q9H7Z6,Q9H7Z6"
5H64,Homo sapiens,"P42345,Q8N122,Q9BVC4"
5H6Q,Homo sapiens,"O60341,Q9UKL0,P68431"
5H6R,Homo sapiens,"O60341,Q9UKL0,P68431"
5H7S,Homo sapiens,"P0CG47,Q8TBB1,P61088"
5HE1,Homo sapiens,"P25098,P62873,P59768"
5HPT,Homo sapiens,"Q9H0M0,P62987,P68036"
5HQ0,Homo sapiens,"P06493,P14635,P33552"
5HU6,Homo sapiens,"P69905,P68871,P00738"
5HVK,Homo sapiens,"P53667,P23528,P23528"
5HXB,Homo sapiens,"P15170,Q16531,Q96SW2"
5IB1,Homo sapiens,"P01889,P61769,P32241"
5IB2,Homo sapiens,"P01889,P61769,P32241"
5IB3,Homo sapiens,"P01889,P61769,P32241"
5IB4,Homo sapiens,"P01889,P61769,P32241"
5IB5,Homo sapiens,"P01889,P61769,P32241"
5IBK,Homo sapiens,"P63208,Q969H0,P0CG47"
5IEH,Homo sapiens,"P01889,P61769,Q9NQS7"
5IEK,Homo sapiens,"P01889,P61769,Q9NQS7"
5IGQ,Homo sapiens,"Q8NHY2,Q96RU8,Q96RU8"
5ISO,Homo sapiens,"P54646,Q9Y478,P54619"
5J11,Homo sapiens,"Q969D9,P16871,Q9HC73"
5JBT,Homo sapiens,"P35030,Q06481,Q06481"
5JI0,Homo sapiens,"P19793,P37231,Q15788"
5JJM,Homo sapiens,"P10275,P10275,Q8TBC4"
5JK7,Homo sapiens,"Q9Y4B6,Q16531,P13051"
5JLZ,Homo sapiens,"P01903,P01911,P06733"
5JMM,Homo sapiens,"P03372,P03372,Q15788"
5JPN,Homo sapiens,"P0C0L4,P0C0L4,P0C0L4"
5JTW,Homo sapiens,"P0C0L4,P0C0L4,P0C0L4"
5K1C,Homo sapiens,"O75317,Q8TAF3,Q8TBZ3"
5KDM,Homo sapiens,"P84243,P62805,Q9UER7"
5KNM,Homo sapiens,"P30511,P61769,Q8NHL6"
5KSU,Homo sapiens,"P01909,Q5Y7D3,P04233"
5KSV,Homo sapiens,"P01909,Q5Y7D3,P04233"
5KYU,Homo sapiens,"Q15436,O94855,Q5JRA6"
5KYW,Homo sapiens,"Q15436,O94855,Q5JRA6"
5KZ5,Homo sapiens,"Q9Y697,Q16595,Q9H1K1"
5L1Z,Homo sapiens,"P50750,O60563,Q9UHB7"
5L8W,Homo sapiens,"O75317,Q8TAF3,P0CG47"
5LAX,Homo sapiens,"P01903,P01911,P06733"
5LLI,Homo sapiens,"Q15370,Q15369,P40337"
5LMK,Homo sapiens,"P24941,P20248,P24941"
5LQF,Homo sapiens,"P06493,P14635,P33552"
5LRV,Homo sapiens,"Q6GQQ9,P0CG47,P0CG47"
5LRX,Homo sapiens,"P21580,P0CG47,P21580"
5M35,Homo sapiens,"P63104,P30307,P30307"
5M5E,Homo sapiens,"P14784,P31785,P60568"
5MEO,Homo sapiens,"P04439,P61769,O14746"
5MEP,Homo sapiens,"P04439,P61769,O14746"
5MEQ,Homo sapiens,"P04439,P61769,O14746"
5MER,Homo sapiens,"P04439,P61769,O14746"
5MZV,Homo sapiens,"P29460,Q9NPF7,Q5VWK5"
5N10,Homo sapiens,"P03372,P31946,P31946"
5N1X,Homo sapiens,"P41182,P41182,P41182"
5N9G,Homo sapiens,"Q9HAW0,P20226,A6H8Y1"
5NAN,Homo sapiens,"Q16552,Q96F46,Q96PD4"
5NI9,Homo sapiens,"P01903,P01911,P06733"
5NIG,Homo sapiens,"P01903,P01911,P06733"
5NVV,Homo sapiens,"Q15370,Q15369,P40337"
5NVW,Homo sapiens,"Q15370,Q15369,P40337"
5NVX,Homo sapiens,"Q15370,Q15369,P40337"
5NVY,Homo sapiens,"Q15370,Q15369,P40337"
5NVZ,Homo sapiens,"Q15370,Q15369,P40337"
5NW0,Homo sapiens,"Q15370,Q15369,P40337"
5NW1,Homo sapiens,"Q15370,Q15369,P40337"
5NW2,Homo sapiens,"Q15370,Q15369,P40337"
5O35,Homo sapiens,"P01024,P01024,P08603"
5OO6,Homo sapiens,"Q09161,P52298,Q9BXP5"
5OOB,Homo sapiens,"Q09161,P52298,L9KL62"
5SVE,Homo sapiens,"Q08209,P63098,O95644"
5T5W,Homo sapiens,"Q08334,Q8IU57,Q8IZI9"
5T6Z,Homo sapiens,"P01889,P61769,P43629"
5T70,Homo sapiens,"P01889,P61769,P43629"
5TBY,Homo sapiens,"P12883,P08590,P10916"
5TUV,Homo sapiens,"Q14186,Q15329,P28749"
5U98,Homo sapiens,"P61769,O00267,P01889"
5UAN,Homo sapiens,"P19793,P10826,Q15596"
5UDH,Homo sapiens,"Q9Y4X5,P68036,P0CG48"
5UJ7,Homo sapiens,"Q13415,O43929,O43913"
5UKK,Homo sapiens,"P25098,P62873,P59768"
5UKL,Homo sapiens,"P25098,P62873,P59768"
5ULH,Homo sapiens,"P62837,P0CG47,Q6ZSG1"
5ULK,Homo sapiens,"P62837,P0CG47,Q6ZSG1"
5UPK,Homo sapiens,"O96013,O96013,P60953"
5UQ3,Homo sapiens,"P24941,Q5MJ70,P46527"
5UTZ,Homo sapiens,"Q6GMX6,Q6IPQ0,P60568"
5V1Y,Homo sapiens,"Q16186,P0CG47,Q99460"
5V1Z,Homo sapiens,"Q16186,P0CG47,Q99460"
5V4B,Homo sapiens,"P63208,Q969H0,Q9NRI5"
5VEB,Homo sapiens,"S6B291,P01834,P55285"
5VGE,Homo sapiens,"P10321,P61769,P68431"
5VL7,Homo sapiens,"Q8NBP7,Q8NBP7,Q7Z3Y4"
5VZ5,Homo sapiens,"P01889,P61769,Q9UM73"
5VZU,Homo sapiens,"P63208,Q5XUX0,P24385"
5VZW,Homo sapiens,"P62837,P0CG47,P36406"
5VZY,Homo sapiens,"P0DOX5,Q0KKI6,P05067"
5W1W,Homo sapiens,"P13747,P61769,P04439"
5W21,Homo sapiens,"Q9UEF7,Q9GZV9,P11362"
5WAI,Homo sapiens,"Q09028,Q15022,Q6ZN18"
5WBU,Homo sapiens,"P42345,Q9BVC4,Q96B36"
5WBY,Homo sapiens,"P42345,Q9BVC4,Q96B36"
5WKO,Homo sapiens,"Q6N089,Q6P5S8, Q9UL78"
5WKP,Homo sapiens,"Q9Y697,Q9HD34,Q9H1K1"
5WLW,Homo sapiens,"Q9Y697,Q9HD34,Q9H1K1"
5WVE,Homo sapiens,"O14727,O14727,P55211"
5WVO,Homo sapiens,"P62979,P26358,P68431"
5X60,Homo sapiens,"O60341,Q9UKL0,P68431"
5XAU,Homo sapiens,"O15230,P07942,P11047"
5XYF,Homo sapiens,"Q9BSI4,Q15554,Q96AP0"
5Y3R,Homo sapiens,"P12956,P13010,P78527"
5YBV,Homo sapiens,"Q63ZY3,Q63ZY3,Q7Z4S6"
5YDK,Homo sapiens,"Q8IYW5,P62979,P62979"
5YMY,Homo sapiens,"P0CG47,P0CG47,Q16186"
5ZBU,Homo sapiens,"P62837,O43567,P0CG47"
6A5Y,Homo sapiens,"Q96RI1,Q15788,P19793"
6A5Z,Homo sapiens,"Q96RI1,P19793,Q15788"
6A60,Homo sapiens,"Q96RI1,Q15788,P19793"
6A6I,Homo sapiens,"Q59FF6,P0CG47,P0CG47"
6AL5,Homo sapiens,"P15391,A8K008,Q6P5S8"
6ARU,Homo sapiens,"P00533,Q8TCD0,P0DOX5"
6AT5,Homo sapiens,"P01889,P61769,P78358"
6AT9,Homo sapiens,"Q9UM73,P04439,P61769"
6ATH,Homo sapiens,"P24941,P46527,P20248"
6ATI,Homo sapiens,"P01903,A0A0A1I7H6,P08670"
6ATZ,Homo sapiens,"P01903,A0A0A1I7H6,P02675"
6B1U,Homo sapiens,"P54646,Q9Y478,P54619"
6B2E,Homo sapiens,"P54646,O43741,P54619"
6B4I,Homo sapiens,"Q53GS7,O15504,Q9UMR2"
6B4J,Homo sapiens,"Q53GS7,O15504,Q9UMR2"
6BFT,Homo sapiens,"P0DOX5,P15692,Q8TCD0"
6BGT,Homo sapiens,"P04626,Q7Z3Y4,P0DOX5"
6BIJ,Homo sapiens,"P01903,P01911,P02675"
6BIL,Homo sapiens,"P01903,P01911,P02675"
6BIN,Homo sapiens,"P01903,P02458,P01911"
6BIR,Homo sapiens,"P01903,P01911,P08670"
6BIV,Homo sapiens,"P01903,P01911,P49913"
6BIX,Homo sapiens,"P01903,P01911,P49913"
6BIY,Homo sapiens,"P01903,P01911,Q96A08"
6BIZ,Homo sapiens,"P01903,P01911,Q8N257"
6BN7,Homo sapiens,"Q16531,Q96SW2,O60885"
6BN8,Homo sapiens,"Q16531,Q96SW2-2,O60885"
6BN9,Homo sapiens,"Q16531,Q96SW2,O60885"
6BNB,Homo sapiens,"O60885,Q16531,Q96SW2"
6BOY,Homo sapiens,"Q16531,Q96SW2,O60885"
6BQN,Homo sapiens,"P37088,P51168,P51170"
6BVA,Homo sapiens,"P63208,Q8NHM5,P0CG47"
6BVI,Homo sapiens,"P01112,Q07889,P01112"
6BVJ,Homo sapiens,"P01112,Q07889,P01112"
6BVK,Homo sapiens,"P01112,Q07889,P01112"
6BVL,Homo sapiens,"P01112,Q07889,P01112"
6BVM,Homo sapiens,"P01112,Q07889,P01112"
6BYH,Homo sapiens,"P63208,Q9Y2K7,P0CG47"
6C16,Homo sapiens,"P63208,Q9Y2K7,P0CG47"
6C48,Homo sapiens,"Q5TKA1,P10244,Q52LA3"
6C5X,Homo sapiens,"Q15370,Q15369,Q00560"
6C95,Homo sapiens,"Q9BXJ9,P41227,Q9NX55"
6C9F,Homo sapiens,"Q13131,Q9Y478,P54619"
6C9G,Homo sapiens,"Q13131,Q9Y478,P54619"
6C9H,Homo sapiens,"P54619,Q13131,Q9Y478"
6C9J,Homo sapiens,"Q9Y478,P54619,Q13131"
6CE7,Homo sapiens,"P01308,P06213,P06213"
6CE9,Homo sapiens,"P06213,P06213,P01308"
6CEB,Homo sapiens,"P06213,P06213,P01308"
6CET,Homo sapiens,"Q8WTW4,Q12980,O75140"
6CM9,Homo sapiens,"Q10567,P84077,Q96PC3"
6CRI,Homo sapiens,"Q10567,P84077,Q96PC3"
6CRK,Homo sapiens,"P63096,P62873,P59768"
6CUO,Homo sapiens,"P01112,Q07889,P01112"
6CUP,Homo sapiens,"P01112,Q07889,P01112"
6CUR,Homo sapiens,"P01112,Q07889,P01112"
6CXI,Homo sapiens,"P63261,Q14896,Q14896"
6CXJ,Homo sapiens,"P63261,Q14896,Q14896"
6CYT,Homo sapiens,"P50750,O60563,Q9UHB7"
6D0Y,Homo sapiens,"Q09161,P52298,Q86YN6"
6D55,Homo sapiens,"P01112,Q07889,P01112"
6D56,Homo sapiens,"P01112,Q07889,P01112"
6D59,Homo sapiens,"P01112,Q07889,P01112"
6D5E,Homo sapiens,"P01112,Q07889,P01112"
6D5G,Homo sapiens,"P01112,Q07889,P01112"
6D5H,Homo sapiens,"P01112,Q07889,P01112"
6D5J,Homo sapiens,"P01112,Q07889,P01112"
6D5L,Homo sapiens,"P01112,Q07889,P01112"
6D5M,Homo sapiens,"P01112,P01112,Q07889"
6D5V,Homo sapiens,"P01112,P01112,Q07889"
6D5W,Homo sapiens,"P01112,P01112,Q07889"
6D6I,Homo sapiens,"P61088,Q13404,Q96H31"
6D6T,Homo sapiens,"P47870,P14867,P18507"
6D6U,Homo sapiens,"P47870,P14867,P18507"
6D7G,Homo sapiens,"P61769, P04439,Q6PJ56"
6D83,Homo sapiens,"Q10567,Q96PC3,P84077"
6D84,Homo sapiens,"P84077,Q96PC3,Q10567"
6DCW,Homo sapiens,"P01834,P01857,A0A2K5IAM2"
6DDE,Homo sapiens,"P63096,P62873,P59768"
6DDF,Homo sapiens,"P63096,P62873,P59768"
6DE7,Homo sapiens,"P01857,P01857,P0DOY2"
6DF3,Homo sapiens,"Q8N6P7,Q13007,Q6UXL0"
6DFF,Homo sapiens,"P84077,Q96PC3,Q10567"
6DKJ,Homo sapiens,"P0DOX5,V9HW34,P48546"
6DNH,Homo sapiens,"Q10570,Q9C0J8,O95639"
6E3K,Homo sapiens,"P01579,P15260,P38484"
6E3L,Homo sapiens,"P01579,P15260,P38484"
6EG8,Homo sapiens,"P62873,P59768,P63092"
6EHT,Homo sapiens,"P12004,P12004,Q15004"
6EI2,Homo sapiens,"P04439,P61769,P30279"
6ERF,Homo sapiens,"P12956,P13010,Q8IW19"
6ERG,Homo sapiens,"P12956,P13010,Q9H9Q4"
6ERH,Homo sapiens,"P12956,P13010,Q9H9Q4"
6ERP,Homo sapiens,"Q00059,O00411,Q9H5Q4"
6ERQ,Homo sapiens,"Q00059,O00411,Q9H5Q4"
6EWA,Homo sapiens,"P04439,P61769,Q8NHL6"
6F3T,Homo sapiens,"Q15542,P49848,Q16594"
6FA1,Homo sapiens,"P01116,P01116,P01116"
6FA2,Homo sapiens,"P01116,P01116,P01116"
6FAU,Homo sapiens,"P31947,P10636,P10636"
6FAV,Homo sapiens,"P31947,P10636,P10636"
6FAW,Homo sapiens,"P31947,P10636,P10636"
6FBY,Homo sapiens,"P31947,P10636,P10636"
6FIB,Homo sapiens,"P41273,P41273,P41273"
6FMI,Homo sapiens,"Q15370,Q15369,P40337"
6FMJ,Homo sapiens,"Q15370,Q15369,P40337"
6FMK,Homo sapiens,"Q15370,Q15369,P40337"
6FO1,Homo sapiens,"Q9Y265,Q9Y230,Q9H6T3"
6FUW,Homo sapiens,"Q10570,Q9C0J8,O95639"
6GAW,Homo sapiens,"1390216722,1388777935,P46199"
6GAZ,Homo sapiens,"P46199,1208989970,1208989970"
6GDG,Homo sapiens,"P62873,P59768,P63092"
6GFF,Homo sapiens,"P01137,P01137,Q14392"
6GFY,Homo sapiens,"Q15370,Q15369,P40337"
6GFZ,Homo sapiens,"Q15369,Q15370,P40337"
6GHD,Homo sapiens,"P50402,O75531,P02545"
6GL7,Homo sapiens,"Q99748,O00451,P07949"
6GU2,Homo sapiens,"P06493,P14635,K9J4F7"
6GU3,Homo sapiens,"P14635,P06493,K9J4F7"
6GU4,Homo sapiens,"P06493,P14635,K9J4F7"
6GWJ,Homo sapiens,"Q14657,Q9BXV9,Q9NPF4"
6H0F,Homo sapiens,"Q16531,Q96SW2,Q13422"
6H0G,Homo sapiens,"Q16531,Q96SW2,Q9BU19"
6H6A,Homo sapiens,"Q13432,P06239,Q13432"
6HPR,Homo sapiens,"Q13490,P0CG47,P62837"
6I4X,Homo sapiens,"Q15370,O14508,Q15369"
6I53,Homo sapiens,"P28472,P14867,P18507"
6I5N,Homo sapiens,"O14508,Q15370,Q15369"
6I7Q,Homo sapiens,"Q15370,Q99814,P40337"
6IC5,Homo sapiens,"P53634,P53634,P53634"
6IC6,Homo sapiens,"P53634,P53634,P53634"
6IC7,Homo sapiens,"P53634,P53634,P53634"
6ISU,Homo sapiens,"P15374,P0CG47,P0CG47"
6IY1,Homo sapiens,"P62491,P62491,P62491"
6IY6,Homo sapiens,"P14868,Q13155,P07814"
6J4V,Homo sapiens,"P68363,Q86V25,Q8N300"
6J74,Homo sapiens,"Q7Z6K3,P53611,O15498"
6J7F,Homo sapiens,"Q7Z6K3,P53611,O15498"
6J7X,Homo sapiens,"Q7Z6K3,P53611,O15498"
6J8F,Homo sapiens,"Q7L8A9,Q8N300,Q71U36"
6J8G,Homo sapiens,"O60939,Q15858,Q07699"
6J8H,Homo sapiens,"O60939,Q15858,Q07699"
6J8I,Homo sapiens,"O60939,Q15858,Q07699"
6J8J,Homo sapiens,"O60939,Q15858,Q07699"
6J8O,Homo sapiens,"Q7L8A9,P68363,Q8N300"
6JTN,Homo sapiens,"C1K0Y1,P01116,P61769"
6JTO,Homo sapiens,"P10321,P61769,P01116"
6JTP,Homo sapiens,"P01116,C1K0Y1,P61769"
6KN0,Homo sapiens,"P29466,P29466,P57764"
6KTO,Homo sapiens,"Q9UI95,Q6ZNX1,Q86V20"
6KXS,Homo sapiens,"P01871,P01591,P01833"
6KXV,Homo sapiens,"P62805,P04908,P06899"
6L54,Homo sapiens,"Q96Q15,Q8ND04,Q9H0W8"
6LPB,Homo sapiens,"P18509,P41586,P63092"
6LT0,Homo sapiens,"Q9HAD4,Q8TEV9,Q96LT7"
6M8S,Homo sapiens,"P62873,P59768,Q96CX2"
6M90,Homo sapiens,"Q9Y297,P63208,P35222"
6M91,Homo sapiens,"Q9Y297,P63208,P35222"
6M92,Homo sapiens,"Q9Y297,P63208,P35222"
6M93,Homo sapiens,"Q9Y297,P63208,P35222"
6M94,Homo sapiens,"Q9Y297,P63208,P35222"
6MPP,Homo sapiens,"P04439,P01111,P61769"
6N5W,Homo sapiens,"P56696,P56696,P0DP23"
6NAJ,Homo sapiens,"P06756,P05106,P02751"
6NBW,Homo sapiens,"P60709,Q93015,P07737"
6NI3,Homo sapiens,"P63092,P62873,P59768"
6NIX,Homo sapiens,"P01903,P01911,P02458"
6NTS,Homo sapiens,"P30153,Q15172,P67775"
6NUC,Homo sapiens,"Q08209,P63098,P19634"
6NUF,Homo sapiens,"Q08209,P63098,P19634"
6NUU,Homo sapiens,"Q08209,P63098,P19634"
6O4D,Homo sapiens,"P49419,P49419,P49419"
6O4Y,Homo sapiens,"A0A140T913,P61769,P01116"
6O9B,Homo sapiens,"P04439,P61769,P35222"
6O9C,Homo sapiens,"P04439,P61769,P35222"
6OEL,Homo sapiens,"P24394,P31785,P05112"
6OI4,Homo sapiens,"Q16186,P0CG48,Q99460"
6OM2,Homo sapiens,"P06756,P26012,P01137"
6OQ1,Homo sapiens,"P0CG47,P0CG47,P0CG47"
6OQ2,Homo sapiens,"P0CG47,P0CG47,P0CG47"
6P3W,Homo sapiens,"P24941,P20248,Q13415"
6P59,Homo sapiens,"Q13951,Q15370,Q15369"
6P64,Homo sapiens,"Q53Z42,P61769,Q5VTY9"
6P8E,Homo sapiens,"P24385,P46527,P11802"
6P8F,Homo sapiens,"P24385,P46527,P11802"
6P8G,Homo sapiens,"P24385,P11802,P46527"
6P8H,Homo sapiens,"P24385,P11802,P38936"
6PA1,Homo sapiens,"P10321,P61769,P43627"
6PAG,Homo sapiens,"P10321,P61769,P43628"
6PAV,Homo sapiens,"P30419,P62330,P62330"
6PPL,Homo sapiens,"Q9GZZ1,Q9BXJ9,P41227"
6PTB,Homo sapiens,"P04439,P61769,Q68CZ6"
6PTE,Homo sapiens,"P04439,P61769,Q68CZ6"
6PTS,Homo sapiens,"P02647,P01116,P04049"
6PTW,Homo sapiens,"P02647,P04049,P01116"
6PWW,Homo sapiens,"Q15291,P61964,Q03164"
6PX6,Homo sapiens,"Q08AS3,A0A0U5IHY9,K7N5M3"
6PY8,Homo sapiens,"Q7Z6K4,Q06330,P46531"
6PYJ,Homo sapiens,"A0A583ZBQ2,P61769,P37268"
6PYV,Homo sapiens,"P01889,P61769,P37268"
6PYW,Homo sapiens,"P01889,P61769,P37268"
6PZ5,Homo sapiens,"P01889,P61769,P37268"
6Q2J,Homo sapiens,"Q99988,Q6UXV0,P07949"
6Q2N,Homo sapiens,"P39905,P56159,P07949"
6Q2O,Homo sapiens,"Q99748,O00451,P07949"
6Q2R,Homo sapiens,"Q99748,O00451,P07949"
6Q8I,Homo sapiens,"Q2TAY7,Q13123,Q13123"
6QIO,Homo sapiens,"P02768,P55899,P61769"
6QIP,Homo sapiens,"P02768,P55899,P61769"
6QML,Homo sapiens,"P15374,P0CG47,P0CG48"
6QMP,Homo sapiens,"P23511,P25208,Q13952"
6QMQ,Homo sapiens,"P23511,P25208,Q13952"
6QMS,Homo sapiens,"P23511,P25208,Q13952"
6QNX,Homo sapiens,"Q8N3U4,O60216,P49711"
6QUS,Homo sapiens,"P68363,Q5T5Y3,P07437"
6QVJ,Homo sapiens,"Q5T5Y3,P68363,P07437"
6R2W,Homo sapiens,"P08709,P08709,P13726"
6RN6,Homo sapiens,"P53634,P53634,P53634"
6RN7,Homo sapiens,"P53634,P53634,P53634"
6RN9,Homo sapiens,"P53634,P53634,P53634"
6RNE,Homo sapiens,"P53634,P53634,P53634"
6RNI,Homo sapiens,"P53634,P53634,P53634"
6RP9,Homo sapiens,"P04439,P61769,P78358"
6RPA,Homo sapiens,"P04439,P61769,P78358"
6RPB,Homo sapiens,"P04439,P61769,P78358"
6RPR,Homo sapiens,"P02545,O75531,P50402"
6RSY,Homo sapiens,"P04439,P61769,P19544"
6S0B,Homo sapiens,"P27918,P27918,P01024"
6S53,Homo sapiens,"P61088,P0CG48,P19474"
6SF2,Homo sapiens,"P37023,Q9UK05,Q9UK05"
6SO5,Homo sapiens,"O43681,O00258,P49069"
6SQO,Homo sapiens,"Q00987,P62837,P62979"
6SQR,Homo sapiens,"P62837,P62979,P0CG48"
6SYT,Homo sapiens,"Q96Q15,Q8ND04,Q9H0W8"
6T7F,Homo sapiens,"O75592,P61077,P0CG48"
6TB2,Homo sapiens,"P69905,P68871,P00738"
6TD3,Homo sapiens,"Q16531,Q9NYV4,O75909"
6TGC,Homo sapiens,"Q92608,Q92556,P63000"
6TKY,Homo sapiens,"Q96BY6,P60953,Q96BY6"
6TM1,Homo sapiens,"Q96BY6,P60763,Q96BY6"
6TM2,Homo sapiens,"Q02817,Q02817,Q02817"
6TMO,Homo sapiens,"A0A5B8RNS7,P61769,Q16655"
6TRN,Homo sapiens,"Q53Z42,P61769,P43358"
6TRO,Homo sapiens,"Q53Z42,P61769,P43358"
6UD0,Homo sapiens,"P0CG47,P0CG47,Q99816"
6UDJ,Homo sapiens,"S6B2B6,Q6PIL8,Q8N355"
6UE7,Homo sapiens,"P01876,P01833,P01591"
6UE8,Homo sapiens,"P01877,P01833,P01591"
6UE9,Homo sapiens,"P01877,P01833,P01591"
6UEA,Homo sapiens,"P01877,P01833,P01591"
6UJ7,Homo sapiens,"P01889,P61769,P48735"
6UJ8,Homo sapiens,"P01889,P61769,P48735"
6UJ9,Homo sapiens,"P01889,P61769,P48735"
6UJO,Homo sapiens,"U5YJP1,P61769,Q5VTY9"
6UJQ,Homo sapiens,"U5YJP1,P61769,Q5VTY9"
6UK2,Homo sapiens,"U5YJP1,P61769,Q5VTY9"
6UK4,Homo sapiens,"U5YJP1,P61769,Q5VTY9"
6ULI,Homo sapiens,"C1K0Y1,P61769,P01111"
6ULK,Homo sapiens,"C1K0Y1,P61769,P01111"
6ULN,Homo sapiens,"C1K0Y1,P61769,P01111"
6ULR,Homo sapiens,"P01111,C1K0Y1,P61769"
6UML,Homo sapiens,"Q16531,Q96SW2,Q9UJQ4"
6UMX,Homo sapiens,"O14793,P0DOY2,Q5EFE5"
6UON,Homo sapiens,"P61769,P01111,C1K0Y1"
6UP7,Homo sapiens,"P30990,P49407,P30989"
6UXE,Homo sapiens,"Q9H1K1,Q9Y697,Q9HD34"
6UZ1,Homo sapiens,"A0A140T913,P61769,P14079"
6V0N,Homo sapiens,"Q9BQA1,O14744,Q9BRS2"
6V0O,Homo sapiens,"P54105,O14744,Q9BQA1"
6V0Y,Homo sapiens,"P01903,P01911,P02675"
6V13,Homo sapiens,"P01903,P01911,P02675"
6V15,Homo sapiens,"P01903,P01911,P02675"
6V18,Homo sapiens,"P01903,P01911,P02675"
6V19,Homo sapiens,"P01903,P01911,P02675"
6V1A,Homo sapiens,"P01903,P01911,P02675"
6V3J,Homo sapiens,"I3ZN84,P61769,P43629"
6V4U,Homo sapiens,"Q9HAD4,Q96LT7,Q8TEV9"
6V65,Homo sapiens,"Q7Z699,P21359,P01116"
6V6F,Homo sapiens,"P01116,Q7Z699,P21359"
6V94,Homo sapiens,"P01112,Q07889,P01112"
6V9F,Homo sapiens,"P01112,Q07889,P01112"
6V9J,Homo sapiens,"P01112,Q07889,P01112"
6V9L,Homo sapiens,"P01112,Q07889,P01112"
6V9M,Homo sapiens,"P01112,Q07889,P01112"
6V9N,Homo sapiens,"P01112,Q07889,P01112"
6V9O,Homo sapiens,"P01112,Q07889,P01112"
6VAE,Homo sapiens,"Q9NVI1,Q9BXW9,P0CG48"
6VAF,Homo sapiens,"Q9NVI1,Q9BXW9,P0CG48"
6VCD,Homo sapiens,"P48200,Q9UKA1,P63208"
6VGD,Homo sapiens,"Q01543,Q13950,Q13951"
6VGE,Homo sapiens,"P11308,Q13950,Q13951"
6VGG,Homo sapiens,"P11308,Q13950,Q13951"
6VM7,Homo sapiens,"A0A140T913,P61769,P40967"
6VM8,Homo sapiens,"A0A140T913,P61769,P40967"
6VM9,Homo sapiens,"A0A140T913,P61769,P40967"
6VMA,Homo sapiens,"A0A140T913,P61769,P40967"
6VMC,Homo sapiens,"A0A140T913,P61769,P40967"
6VP8,Homo sapiens,"Q5S007,Q5S007,Q5S007"
6VQO,Homo sapiens,"A0A140T913,P61769,P04637"
6VR1,Homo sapiens,"A0A140T913,P61769,P04637"
6VR5,Homo sapiens,"A0A140T913,P61769,P04637"
6VRM,Homo sapiens,"A0A140T913,P61769,P04637"
6VRN,Homo sapiens,"A0A140T913,P61769,P04637"
6W1D,Homo sapiens,"Q9Y697,Q9HD34,Q9H1K1"
6W3J,Homo sapiens,"Q5VWP2,O00444,Q8TEP8"
6W51,Homo sapiens,"A0A140T913,P61769,P04637"
6W66,Homo sapiens,"P63208,Q9UF56,Q14145"
6W6W,Homo sapiens,"Q2NKJ3,Q9H668,Q86WV5"
6W9D,Homo sapiens,"P62837,Q9NVW2,P0CG48"
6WC6,Homo sapiens,"O60341,Q9UKL0,O60341"
6WI2,Homo sapiens,"Q9Y697,Q9HD34,Q9H1K1"
6WIH,Homo sapiens,"Q9Y697,Q9HD34,Q9H1K1"
6WNA,Homo sapiens,"P55899,P61769,P01861"
6WNX,Homo sapiens,"Q9UKB1,P63208,P35222"
6WOL,Homo sapiens,"P01861,P55899,P61769"
6WS0,Homo sapiens,"Q9UBZ9,Q9UI95,O60673"
6WS5,Homo sapiens,"Q9UBZ9,Q9UI95,O60673"
6WTH,Homo sapiens,"P37088,P51168,P51170"
6X0U,Homo sapiens,"Q96CW5,Q96RT7,Q08AG7"
6X0V,Homo sapiens,"Q6P582,Q9BSJ2,Q96SN8"
6X3S,Homo sapiens,"P47870,P14867,P18507"
6X3T,Homo sapiens,"P47870,P14867,P18507"
6X3U,Homo sapiens,"P47870,P18507,P14867"
6X3V,Homo sapiens,"P47870,P14867,P18507"
6X3W,Homo sapiens,"P14867,P18507,P47870"
6X3X,Homo sapiens,"P47870,P14867,P18507"
6X3Z,Homo sapiens,"P47870,P18507,P14867"
6X40,Homo sapiens,"P47870,P14867,P18507"
6X6A,Homo sapiens,"Q86TI2,Q9C000,Q9C000"
6X93,Homo sapiens,"P22301,Q13651,Q08334"
6XBZ,Homo sapiens,"P51948,P51946,P50613"
6XD3,Homo sapiens,"P51948,P51946,P50613"
6XK9,Homo sapiens,"P15170,Q16531,Q96SW2"
6XOG,Homo sapiens,"Q9UBE0,Q9UBT2,P63165"
6XOH,Homo sapiens,"Q9UBE0,Q9UBT2,P63165"
6XOI,Homo sapiens,"Q9UBE0,Q9UBT2,P63165"
6XXS,Homo sapiens,"P41182,O75376,P41182"
6YA7,Homo sapiens,"O00311,Q9UBU7,P49736"
6YBT,Homo sapiens,"Q14152,Q13347,P55884"
6YGJ,Homo sapiens,"P31946,Q9NP71,P31946"
6YIE,Homo sapiens,"Q53HL2,Q9NQS7,O15392"
6YSQ,Homo sapiens,"P0C0L5,P0C0L4,P0C0L5"
6YVH,Homo sapiens,"Q9HCG8,Q6UX04,P38919"
6Z2J,Homo sapiens,"Q13547,Q9H147,Q6PJG2"
6Z2K,Homo sapiens,"Q13547,Q6PJG2,Q9H147"
6Z6V,Homo sapiens,"P02745,P02746,P02747"
6Z9W,Homo sapiens,"A0A140T913,P61769,P13726"
6ZHA,Homo sapiens,"P78527,P12956,P13010"
6ZHE,Homo sapiens,"P78527,P12956,P13010"
7AI0,Homo sapiens,"Q00987,P62837,P0CG47"
7AI1,Homo sapiens,"Q00987,P62837,P0CG47"
7AKK,Homo sapiens,"P01024,P01024,P11215"
7ALO,Homo sapiens,"A0A2R7Z5J3,P61769,P32241"
7ANK,Homo sapiens,"P35609,P35609,Q9NP98"
7AO8,Homo sapiens,"Q9UBB5,Q13330,Q13547"
7AO9,Homo sapiens,"Q9UBB5,Q13330,Q13547"
7AY2,Homo sapiens,"Q8TAF3,O94782,P0CG47"
7B2M,Homo sapiens,"P0C0L4,P0C0L4,P0C0L4"
7B2P,Homo sapiens,"P0C0L4,P0C0L4,P0C0L4"
7B2Q,Homo sapiens,"P0C0L4,P0C0L4,P0C0L4"
7B5O,Homo sapiens,"P51948,P51946,P50613"
7B5Q,Homo sapiens,"P51948,P51946,P50613"
7B5S,Homo sapiens,"Q13616,Q9Y4X5,P62877"
7B9C,Homo sapiens,"Q9BWJ5,O75533,Q7RTV0"
7BBF,Homo sapiens,"Q15819,P61088,P0CG48"
7BBG,Homo sapiens,"A0A140T913,P61769,P19544"
7BBL,Homo sapiens,"Q8WXD5,Q9H840,Q9NWZ8"
7BFP,Homo sapiens,"Q96HW7,Q5TA45,Q9NV88"
7BFQ,Homo sapiens,"Q9NV88,Q96HW7,Q5TA45"
7BG9,Homo sapiens,"O14746,B4DR52,P0C0S8"
7BRE,Homo sapiens,"Q9UBL3,Q9UMN6,Q15291"
7BXT,Homo sapiens,"P62805,P04908,Q16778"
7BY0,Homo sapiens,"P62805,P04908,P06899"
7CE3,Homo sapiens,"P50213,P51553,O43837"
7CIQ,Homo sapiens,"O78189,P61769,P18583"
7CIR,Homo sapiens,"O78189,P61769,P18583"
7CIS,Homo sapiens,"O78189,P61769,P18583"
7CMU,Homo sapiens,"P63096,P62873,P59768"
7CMV,Homo sapiens,"P63096,P62873,P59768"
7CZ5,Homo sapiens,"Q02643,P63092,P01286"
7D3S,Homo sapiens,"P09683,P47872,P63092"
7DL2,Homo sapiens,"Q92574,P49815,Q9P0N9"
7DNI,Homo sapiens,"P0CG47,Q9BYX4,Q7Z434"
7DPA,Homo sapiens,"Q9H7D0,P63000,Q92556"
7DUQ,Homo sapiens,"P01275,P43220,P63092"
7DUU,Homo sapiens,"F6IQA6,P61769,P43631"
7DYN,Homo sapiens,"O78189,P61769,P18583"
7E1Z,Homo sapiens,"P05023,P05026,P54710"
7E+020,Homo sapiens,"P05023,P05026,P54710"
7E+021,Homo sapiens,"P05023,P05026,P54710"
7E2X,Homo sapiens,"P63096,P62873,P59768"
7E2Y,Homo sapiens,"P63096,P62873,P59768"
7E2Z,Homo sapiens,"P63096,P62873,P59768"
7E+032,Homo sapiens,"P63096,P62873,P59768"
7E+033,Homo sapiens,"P63096,P62873,P59768"
7E+034,Homo sapiens,"P24941,Q5MJ70,O94901"
7E+087,Homo sapiens,"Q9NZV8,Q9NZV8,P42658"
7E8B,Homo sapiens,"P42658,Q9NZV8,Q9NZV8"
7EWP,Homo sapiens,"Q5T848,P49802,O14775"
7EWR,Homo sapiens,"P49802,O14775,Q5T848"
7EXD,Homo sapiens,"P63096,P62873,P59768"
7F16,Homo sapiens,"P49190,Q96A98,P63092"
7F6G,Homo sapiens,"P50148,P62873,P59768"
7FIG,Homo sapiens,"P22888,P01215,P0DN86"
7FIH,Homo sapiens,"P22888,P01215,P0DN86"
7FII,Homo sapiens,"P22888,P01215,P0DN86"
7JHG,Homo sapiens,"Q13131,O43741,P54619"
7JHH,Homo sapiens,"Q13131,O43741,P54619"
7JHJ,Homo sapiens,"P63096,P62873,P59768"
7JIJ,Homo sapiens,"Q13131,O43741,P54619"
7JOZ,Homo sapiens,"P63092,P62873,P59768"
7JVR,Homo sapiens,"P63096,P62873,P59768"
7K0C,Homo sapiens,"P01833,P01871,P01591"
7K0I,Homo sapiens,"O15269,O15270,Q969W0"
7K0J,Homo sapiens,"O15269,O15270,Q969W0"
7K0K,Homo sapiens,"O15269,O15270,Q969W0"
7K0L,Homo sapiens,"O15269,O15270,Q969W0"
7K0Y,Homo sapiens,"P78527,P12956,P13010"
7K1J,Homo sapiens,"P13010,P78527,P12956"
7K1K,Homo sapiens,"P78527,P12956,P13010"
7K1N,Homo sapiens,"P78527,P12956,P13010"
7K7L,Homo sapiens,"P25098,P62873,P59768"
7K7Z,Homo sapiens,"P25098,P62873,P59768"
7K80,Homo sapiens,"A0A5H2UYS3,P61769,P43629"
7K81,Homo sapiens,"P61769,P43629,A0A5H2UYS3"
7KD6,Homo sapiens,"P01308,P06213,P06213"
7KNU,Homo sapiens,"O60894,P06881,Q16602"
7KRJ,Homo sapiens,"P07900,Q15185,P04150"
7L0P,Homo sapiens,"P63096,P62873,P63211"
7L0Q,Homo sapiens,"P63096,P62873,P63211"
7L0R,Homo sapiens,"P63096,P62873,P63211"
7L0S,Homo sapiens,"P63096,P62873,P63211"
7L1B,Homo sapiens,"P04439,P61769,P42336"
7L1C,Homo sapiens,"P04439,P61769,P42336"
7L1D,Homo sapiens,"P04439,P61769,P42336"
7L1V,Homo sapiens,"P62873,P59768,O43614"
7L7I,Homo sapiens,"Q13451,P07900,Q15185"
7LF4,Homo sapiens,"O00629,P19838,Q04206"
7LPS,Homo sapiens,"Q96SW2,Q9UKS7,Q16531"
7M6J,Homo sapiens,"Q15019,Q14141,Q16181"
7M6T,Homo sapiens,"O14508,Q15370,Q15369"
7M74,Homo sapiens,"Q13131,O43741,P54619"
7MFD,Homo sapiens,"P15056,Q02750,P63104"
7MIX,Homo sapiens,"Q00975,P54289,P54284"
7MIY,Homo sapiens,"Q00975,P54284,P54289"
7MJ6,Homo sapiens,"A0A140T913,P61769,Q8WX77"
7MJ7,Homo sapiens,"A0A140T913,P61769,Q8WX77"
7MJ8,Homo sapiens,"A0A140T913,P61769,Q8WX77"
7MJ9,Homo sapiens,"A0A140T913,P61769,Q8WX77"
7MJA,Homo sapiens,"A0A5H2UYS3,P61769,Q99453"
7MQO,Homo sapiens,"P01308,P01308,P06213"
7MQR,Homo sapiens,"P01308,P01308,P06213"
7MQS,Homo sapiens,"P06213,P01308,P01308"
7MRZ,Homo sapiens,"O95390,Q13705, P36896"
7MX2,Homo sapiens,"Q5VZE5,Q9BRA0,Q147X3"
7MYF,Homo sapiens,"P61086,P0CG47,P0CG48"
7MYJ,Homo sapiens,"P54646,Q9Y478,P54619"
7N2N,Homo sapiens,"O43395,A3F718,P61769"
7N2O,Homo sapiens,"P62723,A3F718,P61769"
7N2P,Homo sapiens,"A3F718,P61769,A0A2R8Y7R8"
7N2R,Homo sapiens,"A3F718,P61769,O43395"
7N2S,Homo sapiens,"O43395,A3F718,P61769"
7N40,Homo sapiens,"Q09028,Q5TKA1,Q96GY3"
7ND2,Homo sapiens,"Q6ZMI0,O95825,Q8NB37"
7NDG,Homo sapiens,"O95631,Q6NW40,Q6NW40"
7NE0,Homo sapiens,"O95631,Q6NW40,Q6NW40"
7NMG,Homo sapiens,"A0A5H2UYS3,P61769,P01308"
7NWL,Homo sapiens,"P05556,P02751,P08648"
7NZE,Homo sapiens,"A2BFX2,P01903,P02458"
7O7F,Homo sapiens,"P63096,P51681,P13501"
7OAT,Homo sapiens,"Q9BZE9,P55072,Q9H867"
7OKX,Homo sapiens,"O00472,Q96JC9,O00267"
7OLY,Homo sapiens,"P08476,Q13705,P36896"
7ONU,Homo sapiens,"Q99714,O15091,Q7L0Y3"
7OOB,Homo sapiens,"Q03468,Q16531,Q13216"
7OPI,Homo sapiens,"Q9BWJ5,O75533,Q7RTV0"
7OS2,Homo sapiens,"O75643,Q9NZ63,Q6P2Q9"
7OW3,Homo sapiens,"P61769,P01111,A0A583ZB34"
7OW4,Homo sapiens,"A0A583ZB34,P61769,P01111"
7OW5,Homo sapiens,"A0A583ZB34,P61769,P01111"
7OW6,Homo sapiens,"P61769,P01111,A0A583ZB34"
7PB2,Homo sapiens,"A0A583ZB34,P61769,P01111"
7PB4,Homo sapiens,"Q9H3R5,Q92674,Q9BS16"
7PBC,Homo sapiens,"Q861F7,P61769,P43363"
7PBD,Homo sapiens,"P14867,P14867,P28472"
7PBZ,Homo sapiens,"P28472,P14867,P14867"
7PC0,Homo sapiens,"P28472,P14867,P14867"
7PDW,Homo sapiens,"P61769,P43363,Q861F7"
7PG0,Homo sapiens,"P06213,P01308,P01308"
7PG2,Homo sapiens,"P06213,P01308,P01308"
7PG3,Homo sapiens,"P06213,P01308,P01308"
7PG4,Homo sapiens,"P06213,P01308,P01308"
7PPC,Homo sapiens,"O95393,P37023,Q13873"
7PW4,Homo sapiens,"Q96Q15,Q8ND04,Q9H0W8"
7PW5,Homo sapiens,"Q96Q15,Q8ND04,Q9H0W8"
7PW8,Homo sapiens,"Q96Q15,Q8ND04,Q9H0W8"
7PX3,Homo sapiens,"O75643,Q6P2Q9,Q9Y5U2"
7Q0B,Homo sapiens,"P13807,P13807,P46976"
7Q0S,Homo sapiens,"P13807,P13807,P46976"
7Q15,Homo sapiens,"P55899,P61769,P01857"
7Q3D,Homo sapiens,"O95876,Q9BT04,Q9ULD6"
7Q98,Homo sapiens,"A0A140T913,P61769,Q9Y6M1"
7Q99,Homo sapiens,"A0A140T913,P61769,Q9Y6M1"
7Q9A,Homo sapiens,"A0A140T913,P61769,Q10589"
7QDR,Homo sapiens,"Q15477,Q6PGP7,Q9GZS3"
7QDS,Homo sapiens,"Q15477,Q6PGP7,Q9GZS3"
7QDY,Homo sapiens,"Q15477,Q6PGP7,Q9GZS3"
7QDZ,Homo sapiens,"Q6PGP7,Q15477,Q9GZS3"
7QN5,Homo sapiens,"P48169,P28472,O14764"
7QN7,Homo sapiens,"P48169,P28472,O14764"
7QN9,Homo sapiens,"P48169,P28472,O14764"
7QNA,Homo sapiens,"P48169,P28472,P18507"
7QNC,Homo sapiens,"P48169,P28472,O14764"
7QNE,Homo sapiens,"P14867,P28472,P18507"
7QNG,Homo sapiens,"O15533,P30101,P61769"
7QO1,Homo sapiens,"P39748,P18858,P12004"
7QPG,Homo sapiens,"Q9H900,P50748,O43264"
7QPJ,Homo sapiens,"A0A140T913,P61769,P43363"
7QZR,Homo sapiens,"P05164,P05164,P05164"
7R0C,Homo sapiens,"P30518,P01185,P49407"
7R1D,Homo sapiens,"Q5TKA1,Q09028,Q96GY3"
7RAN,Homo sapiens,"P28223,P62873,P59768"
7RE7,Homo sapiens,"A0A140T913,P61769,P02771"
7RE8,Homo sapiens,"A0A140T913,P61769,P02771"
7RK7,Homo sapiens,"P04439,P61769,P14679"
7RKX,Homo sapiens,"P63096,P62873,P59768"
7RKY,Homo sapiens,"P63096,P62873,P59768"
7RM4,Homo sapiens,"P61769,P04439,P04637"
7RRG,Homo sapiens,"P04439,P61769,P42336"
7RTK,Homo sapiens,"Q9Y697,Q9HD34,Q9H1K1"
7RU9,Homo sapiens,"Q7L5D6,P46379,P11441"
7RUA,Homo sapiens,"Q7L5D6,P46379,P11441"
7RUC,Homo sapiens,"Q7L5D6,P46379,P11441"
7RZD,Homo sapiens,"P01889,P61769,Q03164"
7RZE,Homo sapiens,"P01308,P14735,P01308"
7RZF,Homo sapiens,"P14735,P01308,P01308"
7RZI,Homo sapiens,"P14735,P01308,P01308"
7RZJ,Homo sapiens,"P01889,P61769,Q03164"
7S0Q,Homo sapiens,"P08069,P06213,P05019"
7S79,Homo sapiens,"P01889,P61769,Q03164"
7S7B,Homo sapiens,"P42285,Q6NZY4,Q9Y580"
7S7C,Homo sapiens,"P42285,Q6NZY4,Q9Y580"
7S7D,Homo sapiens,"P01889,P61769,Q03164"
7S7E,Homo sapiens,"P01889,P61769,Q8TEK3"
7S7F,Homo sapiens,"P01889,P61769,Q8TEK3"
7S81,Homo sapiens,"P09874,P09874,P09874"
7S8A,Homo sapiens,"P01889,P61769,Q03164"
7S8E,Homo sapiens,"P01889,P61769,Q03164"
7S8F,Homo sapiens,"P01889,P61769,Q03164"
7S8N,Homo sapiens,"P62873,P59768,Q96LB1"
7S8O,Homo sapiens,"P63096,P62873,P59768"
7SBF,Homo sapiens,"P63096,P62873,P59768"
7SCG,Homo sapiens,"P62873,P59768,P63096"
7SD0,Homo sapiens,"Q9UQ13,O14807,P36873"
7SJ9,Homo sapiens,"P68363,Q13509,Q9UPY8"
7SL7,Homo sapiens,"P01308,P01308,P01308"
7SR8,Homo sapiens,"P62873,P59768,O43614"
7SRR,Homo sapiens,"P62873,P59768,P41595"
7STX,Homo sapiens,"P61599,Q14CX7,P37840"
7SU3,Homo sapiens,"P78527,P12956,P13010"
7T0W,Homo sapiens,"P47870,P14867,P18507"
7T0Z,Homo sapiens,"P47870,P14867,P18507"
7T1Y,Homo sapiens,"P63208,Q969H0,P01106"
7T1Z,Homo sapiens,"P63208,Q969H0,P01106"
7T2G,Homo sapiens,"P63096,P62873,P59768"
7T2H,Homo sapiens,"P63096,P62873,P59768"
7T5M,Homo sapiens,"Q861F7,P61769,Q6UWB1"
7TPS,Homo sapiens,"P33681,Q9NZQ7,Q9NZQ7"
7TR4,Homo sapiens,"A0A140T9X5,P61769,Q16655"
7TRY,Homo sapiens,"Q13324,P55089,P29992"
7TUE,Homo sapiens,"D5H3J5,O15533,P61769"
7TV4,Homo sapiens,"Q9Y6K9,P0CG48,Q96EP0"
7TVF,Homo sapiens,"O14807,P62136,Q9UQ13"
7TW3,Homo sapiens,"P02730,P16452,P16157"
7TW5,Homo sapiens,"P02730,P16452,P16157"
7TW6,Homo sapiens,"P02730,P16452,P16157"
7TXH,Homo sapiens,"O14807,Q9UQ13,P62136"
7U21,Homo sapiens,"A0A140T913,P61769,Q15124"
7U2K,Homo sapiens,"P62873,P59768,P63096"
7U2L,Homo sapiens,"P63096,P62873,P59768"
7U6E,Homo sapiens,"P01308,P01308,P06213"
7U8F,Homo sapiens,"Q96SW2,Q16531,Q53SU9"
7U9T,Homo sapiens,"P68106,Q92736,P0DP23"
7UA3,Homo sapiens,"Q92736,P68106,P0DP23"
7UA4,Homo sapiens,"Q92736,P68106,P0DP23"
7UHF,Homo sapiens,"Q01668,P54289,P54284"
7UHG,Homo sapiens,"P54284,Q01668,P54289"
7UM5,Homo sapiens,"P47898,P62873,P59768"
7UM6,Homo sapiens,"P47898,P62873,P59768"
7UM7,Homo sapiens,"P47898,P62873,P59768"
7UMG,Homo sapiens,"Q95460,P61769,P01732"
7UN1,Homo sapiens,"Q96E40,P68371,Q71U36"
7UPI,Homo sapiens,"O14807,P62136,Q9UQ13"
7UPN,Homo sapiens,"P62937,Q15369,Q15370"
7UWL,Homo sapiens,"Q9H293,Q9NRM6,Q96F46"
7UWN,Homo sapiens,"Q16552,Q96F46,Q8NAC3"
7UZQ,Homo sapiens,"P18577,Q02094,P16157"
7V0S,Homo sapiens,"P18577,Q02094,P16157"
7V3P,Homo sapiens,"P08069,P01308,P01308"
7V7C,Homo sapiens,"Q16531,P13051,Q9Y4B6"
7V9L,Homo sapiens,"P63096, P63092,Q9HB45"
7V9M,Homo sapiens,"P63092,P01286,Q9HB45"
7VAB,Homo sapiens,"P48546,P63096, P63092"
7VCQ,Homo sapiens,"P84243,P62805,Q9NVP2"
7VF2,Homo sapiens,"Q69YN4,Q5T200,Q15007"
7VFS,Homo sapiens,"Q00975,Q02641,P54289"
7VFU,Homo sapiens,"Q00975,Q02641,P54289"
7VFV,Homo sapiens,"P54289,Q02641,Q00975"
7VFW,Homo sapiens,"Q00975,Q02641,P54289"
7VGE,Homo sapiens,"O43464,O43464,O43464"
7VMB,Homo sapiens,"Q6DN90,Q6DN90,P0DP23"
7VOI,Homo sapiens,"Q9UIV1,A5YKK6,Q96LI5"
7VUG,Homo sapiens,"P63096,P62873,P59768"
7VUH,Homo sapiens,"P62873,P59768,P63092"
7VUI,Homo sapiens,"P63092,P62873,P59768"
7VUJ,Homo sapiens,"P63092,P62873,P59768"
7VVJ,Homo sapiens,"P63092,P12272,Q03431"
7VVK,Homo sapiens,"P63092,P01270,Q03431"
7VVL,Homo sapiens,"P63092,P01270,Q03431"
7VVM,Homo sapiens,"P63092,P01270,Q03431"
7VVN,Homo sapiens,"P63092,P01270,Q03431"
7VVO,Homo sapiens,"P63092,P01270,Q03431"
7W0L,Homo sapiens,"P63096,P62873,P59768"
7W0M,Homo sapiens,"P63096,P62873,P59768"
7W40,Homo sapiens,"P50148,P62873,P59768"
7W6A,Homo sapiens,"Q9UBL3,Q03164,Q15291"
7W77,Homo sapiens,"Q07699,O60939,Q9NY46"
7W7F,Homo sapiens,"Q07699,O60939,Q9NY46"
7W9K,Homo sapiens,"Q15858,Q07699,O60939"
7W9L,Homo sapiens,"Q15858,Q07699,O60939"
7W9M,Homo sapiens,"Q15858,O60939,Q07699"
7W9P,Homo sapiens,"Q15858,Q07699,O60939"
7W9T,Homo sapiens,"Q15858,Q07699,O60939"
7WF3,Homo sapiens,"P22001,Q13303,P22001"
7WF4,Homo sapiens,"P22001,Q13303,P22001"
7WHZ,Homo sapiens,"A0A5C2G4I7,A0A5C2GTV1,A0A5C2GVU3"
7WIC,Homo sapiens,"P61278,P30874,P63096"
7WKJ,Homo sapiens,"A0A6M6CC39,P61769,P0DTC9"
7WQ3,Homo sapiens,"P47211,P63096,P22466"
7WQ4,Homo sapiens,"O43603,P22466,P63092"
7WRQ,Homo sapiens,"P35858,P17936,P05019"
7WSO,Homo sapiens,"A0A0A0MS08,P11912,P40259"
7WUB,Homo sapiens,"P55072,P55072,P55072"
7WUQ,Homo sapiens,"P63092,P62873,P59768"
7WXU,Homo sapiens,"P62873,P59768,Q5T601"
7WXW,Homo sapiens,"Q5T601,P59768,P62873"
7WY0,Homo sapiens,"P62873,P59768,Q5T601"
7WYB,Homo sapiens,"P63096,P62873,P59768"
7WZ7,Homo sapiens,"P62873,P59768,Q5T601"
7X5H,Homo sapiens,"P63096,P62873,P59768"
7XD0,Homo sapiens,"P62805,P04908,Q71DI3"
7XKF,Homo sapiens,"P63092,P62873,P59768"
7XLQ,Homo sapiens,"P54289,Q15878,Q02641"
7XP4,Homo sapiens,"P63092,P62873,P59768"
7XP5,Homo sapiens,"P63092,P62873,P59768"
7XP6,Homo sapiens,"P63092,P62873,P59768"
7XT6,Homo sapiens,"P11912,P01871,P40259"
7XUR,Homo sapiens,"Q5SXM2,Q92966,Q16533"
7XV3,Homo sapiens,"Q9BXC1,P59768,P62873"
7XVE,Homo sapiens,"Q15858,Q07699,O60939"
7XVF,Homo sapiens,"Q15858,Q07699,O60939"
7XXH,Homo sapiens,"P47900,P62873,P59768"
7XY6,Homo sapiens,"P63092,P62873,P59768"
7XY7,Homo sapiens,"P63092,P62873,P59768"
7XZ5,Homo sapiens,"P63092,P62873,P59768"
7XZ6,Homo sapiens,"P63092,P62873,P59768"
7Y1T,Homo sapiens,"P06756,P26012,P01137"
7Y26,Homo sapiens,"P62873,P30874,P59768"
7Y36,Homo sapiens,"Q03431,P01270,P63092-2"
7Y5K,Homo sapiens,"Q13111,Q09028,Q13112"
7Y5L,Homo sapiens,"Q13111,Q13112,Q09028"
7Y5O,Homo sapiens,"Q13111,Q13112,Q09028"
7Y7I,Homo sapiens,"P62805,P04908,P06899"
7Y89,Homo sapiens,"P63096,P62873,P59768"
7YDH,Homo sapiens,"P62873,P59768,P48960"
7YDJ,Homo sapiens,"P62873,P59768,P48960"
7YDM,Homo sapiens,"P62873,P59768,P48960"
7YDP,Homo sapiens,"P48960,P59768,P62873"
7YFC,Homo sapiens,"P59768,Q9H3N8,P62873"
7YFD,Homo sapiens,"P62873,Q9H3N8,P59768"
7YK6,Homo sapiens,"P04899,Q8TDU9,P62873"
7YK7,Homo sapiens,"P04899,Q8TDU9,P62873"
7YP7,Homo sapiens,"P63092,P62873,P59768"
7YQ3,Homo sapiens,"P01308,F8WCM5,P06213"
7YQ4,Homo sapiens,"P06213,F8WCM5,P01308"
7YQ5,Homo sapiens,"P01308,F8WCM5,P06213"
7YSH,Homo sapiens,"Q9UEF7,Q9GZV9,P11362"
7YSU,Homo sapiens,"Q9UEF7,P22607,Q9GZV9"
7YSW,Homo sapiens,"P22455,Q9UEF7,Q9GZV9"
7YTC,Homo sapiens,"P01871,P01591,O60667"
7YTD,Homo sapiens,"P01871,P01591,O60667"
7YX9,Homo sapiens,"P01903,A0A4E9DJJ3,P04233"
7YXB,Homo sapiens,"P01903,A0A1V1IGJ9,P04233"
7Z0Q,Homo sapiens,"P01903,D7RIG5,P04233"
7Z37,Homo sapiens,"P08238,P04049,Q16543"
7Z38,Homo sapiens,"P08238,P04049,Q16543"
7Z6S,Homo sapiens,"P68363,Q13509,Q68EN5"
7Z87,Homo sapiens,"P78527,P12956,P13010"
7Z88,Homo sapiens,"P78527,P12956,P13010"
7Z8I,Homo sapiens,"Q14204,Q13409,O43237"
7Z8J,Homo sapiens,"Q14204,Q13409,O43237"
7Z8K,Homo sapiens,"Q14204,O43237,Q13409"
7Z8R,Homo sapiens,"Q13616,Q86VP6,P62877"
7ZAN,Homo sapiens,"Q16552,Q96F46,Q8NAC3"
7ZBN,Homo sapiens,"P13807,P13807,P46976"
7ZEZ,Homo sapiens,"Q9UNP9,Q03164,Q6NXT2"
7ZF1,Homo sapiens,"Q9NVI1,Q9BXW9,P62987"
7ZJ3,Homo sapiens,"Q9C040,P51668,P0CG48"
7ZJS,Homo sapiens,"Q8N3U4,O60216,Q5FBB7"
7ZJW,Homo sapiens,"P57772,436409,Q96T21"
7ZLM,Homo sapiens,"O14508,Q15370,Q15369"
7ZLN,Homo sapiens,"O14508,Q15370,Q15369"
7ZLO,Homo sapiens,"O14508,Q15370,Q15369"
7ZLP,Homo sapiens,"O14508,Q15370,Q15369"
7ZLR,Homo sapiens,"O14508,Q15370,Q15369"
7ZLS,Homo sapiens,"O14508,Q15370,Q15369"
7ZR0,Homo sapiens,"P08238,Q16543,P15056"
7ZUB,Homo sapiens,"P08238,O00170,P35869"
7ZWA,Homo sapiens,"P12956,P13010,Q9BUH6"
8A0E,Homo sapiens,"P49366,P63241,P49366"
8A5W,Homo sapiens,"Q9Y617,Q9Y617,Q9Y617"
8ACT,Homo sapiens,"P12883,P08590,P10916"
8AFZ,Homo sapiens,"Q13596,Q9Y5X3,P11717"
8AJM,Homo sapiens,"Q16531,Q5T6F0,P48643"
8AJO,Homo sapiens,"Q16531,Q5T6F0,P48643"
8ASC,Homo sapiens,"P12956,P13010,Q9BUH6"
8BBF,Homo sapiens,"Q8NEZ3,Q96RY7,Q9HBG6"
8BDL,Homo sapiens,"Q15370,Q15369,P40337"
8BDM,Homo sapiens,"Q15370,Q15369,P40337"
8BDN,Homo sapiens,"Q15370,Q15369,P40337"
8BDO,Homo sapiens,"Q15370,Q15369,P40337"
8BFI,Homo sapiens,"A5YKK6,Q9H9A5,Q9UKZ1"
8BGU,Homo sapiens,"Q00987,P46777,P62913"
8BPB,Homo sapiens,"O75182,Q92769,Q96QT6"
8BPC,Homo sapiens,"O75182,Q92769,Q96QT6"
8BPF,Homo sapiens,"P01871,O60667,P01591"
8BPO,Homo sapiens,"Q9BY12,Q8N0Z6,P07437"
8BU1,Homo sapiens,"Q16531,Q9NYV4,O75909"
8BU2,Homo sapiens,"Q16531,Q9NYV4,O75909"
8BU3,Homo sapiens,"Q16531,Q9NYV4,O75909"
8BU4,Homo sapiens,"Q16531,Q9NYV4,O75909"
8BU5,Homo sapiens,"Q16531,Q9NYV4,O75909"
8BU6,Homo sapiens,"Q16531,Q9NYV4,O75909"
8BU7,Homo sapiens,"Q16531,Q9NYV4,O75909"
8BU9,Homo sapiens,"Q16531,Q9NYV4,O75909"
8BUA,Homo sapiens,"Q16531,Q9NYV4,O75909"
8BUB,Homo sapiens,"Q16531,Q9NYV4,O75909"
8BUC,Homo sapiens,"Q16531,Q9NYV4,O75909"
8BUD,Homo sapiens,"Q16531,Q9NYV4,O75909"
8BUE,Homo sapiens,"Q16531,Q9NYV4,O75909"
8BUF,Homo sapiens,"Q16531,Q9NYV4,O75909"
8BUG,Homo sapiens,"Q16531,Q9NYV4,O75909"
8BUH,Homo sapiens,"Q16531,Q9NYV4,O75909"
8BUI,Homo sapiens,"Q16531,Q9NYV4,O75909"
8BUJ,Homo sapiens,"Q16531,Q9NYV4,O75909"
8BUK,Homo sapiens,"Q16531,Q9NYV4,O75909"
8BUL,Homo sapiens,"Q16531,Q9NYV4,O75909"
8BUM,Homo sapiens,"Q16531,Q9NYV4,O75909"
8BUN,Homo sapiens,"Q16531,Q9NYV4,O75909"
8BUP,Homo sapiens,"Q16531,Q9NYV4,O75909"
8BUQ,Homo sapiens,"Q16531,Q9NYV4,O75909"
8BUR,Homo sapiens,"Q16531,Q9NYV4,O75909"
8BUS,Homo sapiens,"Q16531,Q9NYV4,O75909"
8BUT,Homo sapiens,"Q16531,Q9NYV4,O75909"
8BZO,Homo sapiens,"P24941,P20248,O43806"
8C07,Homo sapiens,"P0CG47,O95071,P0CG47"
8C13,Homo sapiens,"Q15370,P40337,Q15369"
8C1C,Homo sapiens,"P01854,P01834,P12319"
8C7H,Homo sapiens,"P01137,P01137,Q14392"
8CIA,Homo sapiens,"Q9Y2M5,Q9Y2M5,Q9Y2M5"
8CLI,Homo sapiens,"Q12789,Q9UKN8,Q8WUA4"
8CLJ,Homo sapiens,"Q12789,Q9UKN8,Q8WUA4"
8CLL,Homo sapiens,"Q12789,Q9UKN8,Q8WUA4"
8CQE,Homo sapiens,"Q15370,Q15369,P40337"
8CQK,Homo sapiens,"Q15370,Q15369,P40337"
8CQL,Homo sapiens,"Q15370,Q15369,P40337"
8D3U,Homo sapiens,"P13637,P05026,Q9H0Q3"
8D3V,Homo sapiens,"P13637,P05026,Q9H0Q3"
8D3W,Homo sapiens,"P13637,P05026,Q9H0Q3"
8D3X,Homo sapiens,"P05026,Q9H0Q3,P13637"
8D3Y,Homo sapiens,"P13637,P05026,Q9H0Q3"
8D6A,Homo sapiens,"P40189,P42702,P15018"
8D7H,Homo sapiens,"P26992,Q9UBD9,O75462"
8D7Z,Homo sapiens,"Q16531,Q96SW2,Q13422"
8D80,Homo sapiens,"Q96SW2,Q16531,Q13422"
8D82,Homo sapiens,"P40189,P08887,P05231"
8DD2,Homo sapiens,"P47870,P14867,P18507"
8DD3,Homo sapiens,"P47870,P14867,P18507"
8DEY,Homo sapiens,"Q96SW2,Q16531,Q9UKS7"
8DGS,Homo sapiens,"P15056,Q02750,A0A6P5IP77"
8DGT,Homo sapiens,"P15056,Q02750,A0A6P5IP77"
8DMK,Homo sapiens,"P19137,P07942,P11047"
8DNV,Homo sapiens,"P60059,P60468,P61619"
8DNW,Homo sapiens,"P60059,P60468,P61619"
8DNX,Homo sapiens,"P60059,P60468,P61619"
8DNY,Homo sapiens,"P61619,P60059,P60468"
8DNZ,Homo sapiens,"P60059,P60468,P61619"
8DO0,Homo sapiens,"P60059,P60468,P61619"
8DO1,Homo sapiens,"P61619,P60059,P60468"
8DO2,Homo sapiens,"P60059,P60468,P61619"
8DO3,Homo sapiens,"P60059,P60468,P61619"
8DPF,Homo sapiens,"P28335,P62873,P59768"
8DPG,Homo sapiens,"P28335,P62873,P59768"
8DPH,Homo sapiens,"P28335,P62873,P59768"
8DPI,Homo sapiens,"P28335,P62873,P59768"
8DU4,Homo sapiens,"P61964,Q15291,P0CG47"
8DWC,Homo sapiens,"P62873,P59768,Q96LB2"
8DWG,Homo sapiens,"P62873,P59768,Q96LB2"
8DWH,Homo sapiens,"P62873,P59768,Q96LB2"
8DZR,Homo sapiens,"P41145,P62873,P59768"
8E3I,Homo sapiens,"Q10570,O95639,Q9C0J8"
8E3Q,Homo sapiens,"Q10570,O95639,Q9C0J8"
8E+059,Homo sapiens,"P54284,Q01668,P54289"
8E5A,Homo sapiens,"Q01668,P54289,P54284"
8E5B,Homo sapiens,"Q01668,P54289,P54284"
8E+099,Homo sapiens,"Q05586,Q12879,Q14957"
8E9W,Homo sapiens,"P62873,P59768,P20309"
8E9Y,Homo sapiens,"P20309,P62873,P59768"
8E9Z,Homo sapiens,"P20309,P62873,P59768"
8EAZ,Homo sapiens,"Q9BYM8,P68036,P0CG48"
8EB0,Homo sapiens,"Q9NWF9,P68036,P0CG48"
8EBN,Homo sapiens,"Q9Y2U9,Q15370,Q15369"
8EFL,Homo sapiens,"P35372,P63096,P59768"
8EI3,Homo sapiens,"Q15370,Q15369,P40337"
8EJC,Homo sapiens,"P59768,P62873,O14842"
8EJK,Homo sapiens,"P62873,P59768,O14842"
8EMW,Homo sapiens,"Q01970,P62873,P59768"
8EMX,Homo sapiens,"Q01970,P62873,P59768"
8ENT,Homo sapiens,"P31785,Q9HBE4,Q9HBE5"
8ENU,Homo sapiens,"P01024,P01024,P00751"
8EPL,Homo sapiens,"Q15878,P54284,P54289"
8EV1,Homo sapiens,"P03372,P03372,Q15596"
8F1F,Homo sapiens,"P0CG47,P0CG47,P0CG47"
8F7Q,Homo sapiens,"P35372,P01189,P63096"
8F7W,Homo sapiens,"P01213,P41145,P63096"
8F7X,Homo sapiens,"P41146,Q13519,P63096"
8FFV,Homo sapiens,"P07900,P04150,Q02790"
8FFW,Homo sapiens,"P07900,P04150,Q13451"
8FW5,Homo sapiens,"O75140,Q8WTW4,Q12980"
8FX5,Homo sapiens,"P08173,P62873,P59768"
8FY3,Homo sapiens,"A5YKK6,Q9H9A5,B3KNB0"
8G0L,Homo sapiens,"P61599,Q14CX7,P37840"
8G1A,Homo sapiens,"Q15858,Q07699,O60939"
8G1U,Homo sapiens,"O14744,Q9BQA1,P83369"
8G2Y,Homo sapiens,"P62873,P59768,Q5T601"
8G57,Homo sapiens,"Q8N6T7,P04908,P06899"
8GQ6,Homo sapiens,"Q8IY47,P62877,Q13618"
8GS5,Homo sapiens,"P50213,P51553,O43837"
8GUY,Homo sapiens,"P06213,P01308,F8WCM5"
8GZ1,Homo sapiens,"Q07699,Q9UQD0,O60939"
8GZ2,Homo sapiens,"Q9UQD0,O60939,Q07699"
8H0P,Homo sapiens,"P28336,P62873,P59768"
8H0Q,Homo sapiens,"P30550,P62873,P59768"
8H33,Homo sapiens,"Q8IY47,P62877,Q13618"
8H34,Homo sapiens,"Q13618,Q8IY47,P62877"
8H35,Homo sapiens,"Q13618,Q8IY47,P62877"
8H3Q,Homo sapiens,"Q86VP6,Q13618,P62877"
8H3R,Homo sapiens,"P62877,Q13618,Q8IY47"
8H3S,Homo sapiens,"P98073,P07477,P98073"
8H4I,Homo sapiens,"P62873,P59768,Q5NUL3"
8H4K,Homo sapiens,"P62873,P59768,Q5NUL3"
8H4L,Homo sapiens,"P62873,P59768,Q5NUL3"
8H9G,Homo sapiens,"P24539,P18859,O75947"
8H9K,Homo sapiens,"O75947,P24539,P18859"
8H9N,Homo sapiens,"P24539,P18859,O75947"
8H9R,Homo sapiens,"P24539,P18859,O75947"
8HC0,Homo sapiens,"Q5T601,Q5T601,Q5T601"
8HE5,Homo sapiens,"P62805,P04908,P06899"
8HGO,Homo sapiens,"P04626,P00533,P01133"
8HGP,Homo sapiens,"P04626,P00533,O14944"
8HK2,Homo sapiens,"P63096,P01024,Q16581"
8HK5,Homo sapiens,"P21730,P01031,P63096"
8HPT,Homo sapiens,"P09471,P62873,P59768"
8HQE,Homo sapiens,"P62873,P59768,P63096"
8HQM,Homo sapiens,"P62873,P59768,P63096"
8HQN,Homo sapiens,"P63096,P62873,P59768"
8HS3,Homo sapiens,"P63096,P62873,P59768"
8HSC,Homo sapiens,"P63096,P62873,P59768"
8HVI,Homo sapiens,"P63096,P62873,P59768"
8I17,Homo sapiens,"P04908,P06899,Q9Y5B9"
8I5B,Homo sapiens,"Q15858,Q07699,O60939"
8I5E,Homo sapiens,"U5YJJ6,P61769,P01116"
8I5G,Homo sapiens,"Q07699,O60939,Q15858"
8I5X,Homo sapiens,"Q15858,Q07699,O60939"
8I5Y,Homo sapiens,"Q15858,Q07699,O60939"
8I9A,Homo sapiens,"P62873,P59768,Q16581"
8IBV,Homo sapiens,"P12872,P62873,P59768"
8INR,Homo sapiens,"P63092, P63096,P62873"
8IOC,Homo sapiens,"P63092, P63096,P62873"
8IOD,Homo sapiens,"P63092, P63096,P62873"
8IRR,Homo sapiens,"P62873,P21728,P59768"
8IRS,Homo sapiens,"P63096,P62873,P59768"
8IRT,Homo sapiens,"P63096,P62873,P59768"
8IUK,Homo sapiens,"P62873,P59768,P43088"
8IUL,Homo sapiens,"P62873,P59768,P43088"
8IUM,Homo sapiens,"P62873,P59768,P43088"
8JR9,Homo sapiens,"P62873,P59768,Q03431"
8KB5,Homo sapiens,"P62805,P04908,P06899"
8OEW,Homo sapiens,"Q14241,Q15369,Q15370"
8ORM,Homo sapiens,"P51948,P51946,P50613"
8OV6,Homo sapiens,"Q16531,Q9NXF7,O60885"
8P0F,Homo sapiens,"P40337,Q15369,Q15370"
8P2K,Homo sapiens,"P53582,Q13765,A0A7I2YQL2"
8P4C,Homo sapiens,"P63272,O00267,O60942"
8P4D,Homo sapiens,"O60942,P63272,O00267"
8P4E,Homo sapiens,"O00267,Q8N1G2,O60942"
8P4F,Homo sapiens,"P63272,O00267,Q8N1G2"
8P6V,Homo sapiens,"P51948,P51946,P50613"
8P6Y,Homo sapiens,"P51948,P50613,P51946"
8S9B,Homo sapiens,"Q15858,Q07699,O60939"
8S9C,Homo sapiens,"Q15858,Q07699,O60939"
8S9P,Homo sapiens,"O00468,O75096,O15146"
8SE9,Homo sapiens,"P41226,P05161,O14933"
8SEA,Homo sapiens,"P41226,P05161,O14933"
8SEB,Homo sapiens,"P41226,P05161,O14933"
8SGO,Homo sapiens,"P47870,P14867,P18507"
8SI9,Homo sapiens,"P47870,P14867,P18507"
8SID,Homo sapiens,"P47870,P14867,P18507"
8SKV,Homo sapiens,"P01876,P01833,P01591"
8SOI,Homo sapiens,"Q8TDY2,O75385,O75143"
8SOK,Homo sapiens,"Q9H668,Q86WV5,Q9NUX5"
8SQZ,Homo sapiens,"Q8TDY2,O75385,O75143"
8SRM,Homo sapiens,"Q8TDY2,O75385,O75143"
8SV8,Homo sapiens,"P41226,P05161,O14933"
8SYN,Homo sapiens,"Q7Z3J2,Q9UBQ0,O14972"
8SYO,Homo sapiens,"Q7Z3J2,Q9UBQ0,O14972"
8TWI,Homo sapiens,"P30153,P67775,Q96E09"
8TZO,Homo sapiens,"O00755,Q5T9L3,P27797"
8TZP,Homo sapiens,"O00755,Q5T9L3,O95980"
8TZR,Homo sapiens,"P56704,Q5T9L3,P27797"
8U7Z,Homo sapiens,"P62873,P59768,Q9NXV2"
